date,pm2_5,pm10,nitrogen_dioxide,sulphur_dioxide,carbon_monoxide,ozone
2022-08-04,2.39,3.48,2.47,8.98,114.05,63.16
2022-08-05,2.48,3.63,2.8,9.86,112.21,66.92
2022-08-06,2.02,2.95,2.71,10.1,113.67,68.42
2022-08-07,6.37,9.17,4.27,15.6,128.58,71.38
2022-08-08,16.73,23.96,4.99,23.34,182.17,67.17
2022-08-09,15.07,21.58,5.66,15.61,210.96,70.21
2022-08-10,13.46,19.24,7.95,8.42,188.29,67.25
2022-08-11,6.83,9.79,6.49,5.66,144.54,59.88
2022-08-12,7.72,11.1,6.52,12.56,144.88,56.38
2022-08-13,12.4,17.74,8.66,22.23,194.21,59.58
2022-08-14,5.18,7.5,17.11,28.18,195.17,54.21
2022-08-15,2.62,3.84,3.24,14.97,112.67,52.67
2022-08-16,3.66,5.3,4.18,14.62,121.58,48.46
2022-08-17,7.23,10.48,7.13,26.95,128.88,47.71
2022-08-18,4.88,7.04,3.41,14.96,118.54,48.33
2022-08-19,2.99,4.3,2.48,9.25,94.46,44.38
2022-08-20,3.4,4.94,8.68,13.78,107.83,40.46
2022-08-21,4.11,5.9,9.17,19.08,120.33,40.46
2022-08-22,7.35,10.53,16.05,34.47,192.29,38.88
2022-08-23,3.82,5.83,7.12,21.52,106.62,47.88
2022-08-24,3.61,5.25,4.42,14.95,122.79,55.08
2022-08-25,3.29,4.76,6.55,21.74,137.75,50.46
2022-08-26,7.2,10.47,8.01,21.96,153.0,54.67
2022-08-27,12.53,18.83,9.58,27.97,192.08,61.88
2022-08-28,5.74,8.31,4.02,16.12,170.75,63.79
2022-08-29,2.55,3.66,6.37,20.01,131.46,50.67
2022-08-30,7.66,10.96,8.85,26.43,143.54,44.96
2022-08-31,8.96,12.85,9.32,32.23,149.04,57.25
2022-09-01,14.05,20.82,21.9,40.3,233.38,56.88
2022-09-02,14.68,22.29,17.9,36.89,193.71,59.08
2022-09-03,15.24,22.65,30.25,39.19,230.42,49.46
2022-09-04,12.3,20.93,11.47,24.51,167.25,60.04
2022-09-05,8.9,14.13,11.15,39.43,161.04,64.83
2022-09-06,9.88,16.4,15.56,31.17,154.42,61.79
2022-09-07,4.97,7.58,4.35,12.3,140.21,73.33
2022-09-08,7.39,10.8,7.1,21.45,149.33,56.29
2022-09-09,8.67,12.52,13.04,41.53,157.67,53.29
2022-09-10,5.58,8.46,13.42,21.3,151.0,62.67
2022-09-11,8.88,15.1,8.74,10.62,150.17,61.46
2022-09-12,3.3,4.75,4.34,11.6,131.75,55.12
2022-09-13,4.44,6.37,5.08,19.4,132.04,46.17
2022-09-14,2.72,3.93,4.97,21.68,128.5,46.96
2022-09-15,4.1,5.92,7.2,26.08,139.83,47.75
2022-09-16,2.99,4.31,3.81,13.19,129.5,51.92
2022-09-17,2.84,4.07,2.56,8.21,125.17,56.38
2022-09-18,3.53,5.05,3.49,11.22,135.12,56.58
2022-09-19,6.24,8.93,3.56,11.11,137.33,60.88
2022-09-20,5.92,8.48,3.63,9.52,138.62,64.29
2022-09-21,6.46,9.56,4.27,17.34,141.92,62.38
2022-09-22,6.93,11.01,4.59,19.35,130.17,56.33
2022-09-23,7.44,12.15,6.02,22.73,130.5,58.75
2022-09-24,10.58,16.59,8.25,24.66,151.08,58.0
2022-09-25,16.22,24.27,21.91,45.29,207.42,46.38
2022-09-26,12.25,19.72,18.97,21.88,187.25,48.17
2022-09-27,4.3,6.75,2.85,6.97,132.67,59.62
2022-09-28,2.08,2.97,3.15,8.87,119.38,41.42
2022-09-29,2.47,3.52,1.84,7.42,106.5,46.62
2022-09-30,3.81,5.45,3.62,14.56,112.88,39.79
2022-10-01,4.62,6.62,3.47,16.01,122.75,39.0
2022-10-02,7.18,10.28,4.51,15.65,142.0,41.79
2022-10-03,6.44,9.24,2.85,8.9,122.38,45.96
2022-10-04,5.5,7.88,5.58,16.67,123.42,45.58
2022-10-05,13.9,21.37,16.75,61.61,157.5,35.96
2022-10-06,21.49,37.78,20.6,67.8,189.88,29.5
2022-10-07,12.52,19.93,21.65,33.97,181.62,35.71
2022-10-08,9.33,14.07,8.59,19.61,135.79,54.54
2022-10-09,4.23,6.38,5.36,14.73,133.21,41.17
2022-10-10,5.18,7.77,13.89,25.91,135.12,36.42
2022-10-11,10.22,15.23,27.38,50.44,183.42,20.83
2022-10-12,15.48,22.53,25.15,81.19,240.67,23.79
2022-10-13,5.75,8.58,19.5,45.32,135.83,33.0
2022-10-14,13.26,19.47,25.07,59.88,192.71,30.08
2022-10-15,22.03,32.12,20.67,51.85,230.21,33.21
2022-10-16,21.46,32.2,22.02,53.97,224.54,24.79
2022-10-17,6.3,9.05,5.33,9.81,134.83,49.75
2022-10-18,8.82,12.63,12.03,22.88,153.62,45.5
2022-10-19,6.73,9.8,10.05,20.03,143.29,50.46
2022-10-20,9.43,21.34,7.8,17.11,136.0,53.71
2022-10-21,6.93,10.5,11.8,25.35,138.46,52.42
2022-10-22,10.18,17.13,7.95,20.31,135.67,63.33
2022-10-23,3.41,5.21,5.75,13.42,127.83,44.08
2022-10-24,13.46,19.74,26.1,78.35,212.42,23.83
2022-10-25,10.32,15.04,27.93,48.07,231.46,26.83
2022-10-26,6.03,9.61,15.66,16.48,143.88,29.42
2022-10-27,1.32,1.94,8.72,10.72,125.71,25.42
2022-10-28,4.89,6.98,17.49,31.63,176.5,30.17
2022-10-29,11.77,16.91,22.7,47.11,197.75,25.04
2022-10-30,20.96,31.45,22.42,63.52,225.92,21.04
2022-10-31,10.8,16.0,17.4,38.95,172.58,17.71
2022-11-01,7.32,10.85,14.93,31.76,157.75,21.21
2022-11-02,6.82,11.35,11.75,22.95,141.08,47.88
2022-11-03,4.68,11.37,11.91,17.74,140.12,38.17
2022-11-04,7.32,13.75,10.99,26.15,141.58,44.96
2022-11-05,3.5,5.22,7.89,19.58,123.92,30.17
2022-11-06,3.53,5.25,10.72,23.82,134.88,28.33
2022-11-07,10.4,15.06,22.76,80.07,161.71,18.62
2022-11-08,7.65,11.03,21.56,57.94,148.75,24.58
2022-11-09,3.25,4.7,12.73,17.51,136.5,35.5
2022-11-10,2.14,3.07,14.48,18.03,131.92,28.54
2022-11-11,2.06,2.95,17.28,18.57,131.08,39.33
2022-11-12,1.64,2.58,9.41,11.06,123.29,48.46
2022-11-13,1.88,2.98,9.48,10.75,126.46,50.5
2022-11-14,4.08,6.67,8.3,9.6,126.71,61.38
2022-11-15,1.2,2.54,7.23,8.53,125.29,35.33
2022-11-16,1.13,1.85,7.38,10.23,119.12,48.12
2022-11-17,2.88,4.12,17.05,19.09,149.38,30.42
2022-11-18,8.96,12.81,32.1,41.22,226.75,22.12
2022-11-19,9.4,13.93,40.2,34.18,223.17,23.71
2022-11-20,5.08,7.56,24.34,28.04,176.04,32.17
2022-11-21,9.63,13.83,39.46,56.41,291.79,17.88
2022-11-22,5.8,8.3,33.11,39.57,223.67,12.33
2022-11-23,3.56,5.1,23.33,35.9,163.21,42.83
2022-11-24,4.36,6.27,28.42,24.89,163.08,42.38
2022-11-25,2.96,4.4,17.21,24.62,150.17,41.88
2022-11-26,5.51,7.87,19.25,18.59,164.96,47.04
2022-11-27,7.38,10.57,29.07,25.84,173.38,35.71
2022-11-28,3.56,5.07,13.07,9.59,139.46,61.29
2022-11-29,8.15,11.74,15.86,9.53,147.17,65.17
2022-11-30,12.34,18.24,18.89,11.65,156.79,68.04
2022-12-01,11.35,17.3,8.25,8.49,145.75,78.54
2022-12-02,5.71,8.45,15.77,17.4,156.67,60.29
2022-12-03,4.71,6.91,19.27,19.78,158.04,54.12
2022-12-04,5.1,7.37,28.04,49.81,193.17,38.5
2022-12-05,34.53,49.33,70.44,161.77,549.46,11.21
2022-12-06,29.82,42.6,52.96,102.78,459.17,34.71
2022-12-07,18.87,26.95,48.69,58.63,345.58,36.54
2022-12-08,16.37,23.38,53.3,54.43,323.12,36.0
2022-12-09,13.97,19.98,63.88,47.34,302.38,20.58
2022-12-10,6.54,9.38,33.95,30.22,213.92,42.12
2022-12-11,11.76,16.94,51.94,33.41,243.08,32.58
2022-12-12,14.58,21.05,63.68,36.63,249.08,30.96
2022-12-13,5.02,7.3,17.23,12.45,122.92,63.96
2022-12-14,1.0,1.42,0.0,0.64,60.04,28.58
2022-12-15,0.72,1.02,0.0,0.42,61.96,32.46
2022-12-16,13.08,18.79,37.73,30.03,213.83,44.46
2022-12-17,20.35,29.16,66.51,61.2,294.79,22.54
2022-12-18,31.32,45.06,64.98,92.16,425.83,17.25
2022-12-19,19.7,28.54,62.0,60.21,309.79,31.0
2022-12-20,10.82,15.78,38.88,29.45,181.58,58.17
2022-12-21,6.69,9.94,12.76,21.0,166.12,65.38
2022-12-22,4.08,5.85,24.04,18.56,169.25,46.88
2022-12-23,6.39,9.11,32.51,27.68,193.12,30.75
2022-12-24,6.78,9.83,22.64,18.18,164.08,48.12
2022-12-25,17.76,25.63,48.98,44.8,284.46,29.33
2022-12-26,29.06,41.79,59.0,99.26,466.17,24.83
2022-12-27,13.74,19.65,50.21,42.32,262.62,37.96
2022-12-28,14.1,22.2,48.65,44.41,259.12,35.83
2022-12-29,23.76,36.05,64.6,104.61,409.46,10.88
2022-12-30,5.0,7.16,35.27,33.38,210.38,27.54
2022-12-31,3.7,5.32,21.63,22.29,169.62,38.42
2023-01-01,3.06,4.38,22.45,19.43,164.67,33.88
2023-01-02,3.44,4.96,21.67,22.78,171.92,37.0
2023-01-03,1.6,2.29,10.17,12.15,150.08,38.75
2023-01-04,1.38,2.02,8.52,9.89,140.04,50.12
2023-01-05,3.77,11.22,15.32,12.88,143.75,37.5
2023-01-06,4.3,7.32,15.68,17.77,154.88,36.04
2023-01-07,2.04,2.93,15.36,16.47,149.71,37.25
2023-01-08,2.25,3.69,9.03,11.66,161.21,45.0
2023-01-09,4.4,6.3,25.18,26.15,211.33,30.25
2023-01-10,12.06,17.22,47.03,40.56,279.54,19.04
2023-01-11,7.69,11.0,38.93,26.94,209.62,30.17
2023-01-12,5.86,8.46,23.14,16.99,170.71,51.79
2023-01-13,6.2,9.35,19.19,15.77,161.17,60.58
2023-01-14,6.76,10.26,21.39,16.18,157.67,62.29
2023-01-15,6.62,10.63,21.34,16.83,162.92,65.17
2023-01-16,16.88,26.92,49.64,29.22,232.08,37.17
2023-01-17,26.25,38.3,61.24,56.88,325.04,25.5
2023-01-18,63.62,91.84,84.25,185.59,654.92,13.88
2023-01-19,48.67,69.98,87.86,141.91,547.79,9.96
2023-01-20,21.53,31.5,66.37,46.88,279.46,25.38
2023-01-21,16.73,24.03,48.0,51.68,280.62,39.46
2023-01-22,13.23,18.93,69.14,69.18,331.08,16.62
2023-01-23,10.6,15.42,41.44,24.08,184.46,51.33
2023-01-24,10.16,14.59,36.3,41.95,242.67,35.25
2023-01-25,6.84,9.78,42.71,44.18,230.83,34.96
2023-01-26,9.84,14.36,38.16,21.69,178.54,54.58
2023-01-27,8.71,12.7,21.3,22.86,200.88,77.58
2023-01-28,15.14,22.04,37.23,25.12,216.5,62.33
2023-01-29,15.39,22.39,45.25,36.05,271.96,51.21
2023-01-30,29.78,42.92,68.28,77.64,433.38,39.62
2023-01-31,43.14,62.39,71.37,88.54,464.33,45.5
2023-02-01,14.66,21.04,63.67,83.63,376.88,41.25
2023-02-02,5.23,7.6,22.76,32.34,165.62,88.0
2023-02-03,3.99,5.88,44.22,78.78,176.08,48.79
2023-02-04,6.9,10.35,41.49,76.62,181.62,40.58
2023-02-05,10.76,15.41,33.0,58.51,278.96,30.25
2023-02-06,13.67,19.82,50.6,69.8,354.83,18.67
2023-02-07,5.71,8.16,33.7,47.73,216.0,53.38
2023-02-08,10.17,14.54,39.57,64.67,264.75,52.58
2023-02-09,2.98,4.27,40.8,103.4,172.5,40.0
2023-02-10,13.23,18.93,58.34,142.78,249.25,19.12
2023-02-11,6.26,8.96,28.46,25.42,206.96,55.92
2023-02-12,8.79,12.58,42.23,33.57,236.83,39.88
2023-02-13,18.61,26.6,39.72,50.48,315.25,45.83
2023-02-14,22.99,32.95,50.62,53.72,345.12,41.83
2023-02-15,17.21,25.54,50.04,43.57,275.25,45.88
2023-02-16,15.03,22.12,58.53,67.24,268.67,30.0
2023-02-17,8.6,12.76,29.99,30.5,205.5,74.38
2023-02-18,6.7,9.68,25.01,25.08,207.62,62.92
2023-02-19,12.75,18.22,48.52,54.52,296.58,30.5
2023-02-20,6.81,10.03,20.13,18.78,186.71,59.79
2023-02-21,12.22,19.21,21.76,24.88,217.67,53.42
2023-02-22,15.72,24.1,13.45,21.9,212.75,88.38
2023-02-23,5.58,10.78,12.39,13.32,162.21,55.58
2023-02-24,5.75,12.88,16.59,16.16,160.58,50.46
2023-02-25,5.19,7.42,11.56,18.39,164.75,71.79
2023-02-26,8.75,12.63,30.42,23.68,212.46,65.88
2023-02-27,15.56,22.5,49.21,31.57,238.88,51.42
2023-02-28,15.31,22.2,18.9,19.41,182.46,81.62
2023-03-01,15.05,22.67,10.63,15.83,186.38,81.21
2023-03-02,15.05,35.76,13.79,11.39,156.25,56.38
2023-03-03,2.89,4.35,10.79,15.87,141.79,58.83
2023-03-04,7.79,11.75,23.41,18.19,172.71,65.96
2023-03-05,13.98,23.48,36.16,24.18,182.12,45.21
2023-03-06,4.8,7.1,15.95,15.83,146.0,51.5
2023-03-07,10.24,28.57,17.2,15.71,157.88,57.12
2023-03-08,4.67,11.15,16.99,13.59,145.25,53.25
2023-03-09,11.1,15.88,34.49,44.23,220.88,43.58
2023-03-10,14.46,20.82,32.36,23.86,183.21,55.67
2023-03-11,16.67,29.65,27.07,17.4,186.17,50.62
2023-03-12,9.04,16.82,14.08,13.87,141.0,41.42
2023-03-13,7.3,10.79,18.53,29.33,152.58,51.88
2023-03-14,18.8,27.16,37.56,33.67,251.58,47.12
2023-03-15,8.85,13.1,16.35,14.1,146.29,65.79
2023-03-16,7.57,11.5,19.04,16.35,151.79,72.0
2023-03-17,4.53,6.54,17.19,27.25,145.58,60.12
2023-03-18,10.67,15.6,22.5,25.29,155.58,61.17
2023-03-19,9.99,14.35,12.68,14.74,141.12,72.67
2023-03-20,3.76,5.64,17.37,24.51,139.75,79.29
2023-03-21,17.5,25.4,38.43,49.54,266.21,62.12
2023-03-22,24.26,34.95,38.13,64.46,239.71,58.62
2023-03-23,30.75,44.42,34.55,84.77,226.33,58.17
2023-03-24,44.31,67.55,40.74,138.55,333.5,39.04
2023-03-25,46.53,68.28,50.55,173.23,399.33,42.33
2023-03-26,18.6,30.38,39.02,94.86,236.42,39.92
2023-03-27,26.5,43.28,32.1,145.92,271.62,30.92
2023-03-28,20.51,31.98,37.17,97.8,254.0,34.5
2023-03-29,16.85,25.95,19.3,53.4,191.88,51.17
2023-03-30,3.85,6.02,1.92,7.37,129.04,62.5
2023-03-31,4.78,7.28,5.1,21.39,137.92,73.71
2023-04-01,3.63,5.25,3.69,14.95,145.79,79.54
2023-04-02,4.38,6.27,3.65,13.92,150.83,83.0
2023-04-03,4.52,6.56,2.77,8.89,141.33,80.67
2023-04-04,9.94,14.6,5.93,19.54,154.71,74.0
2023-04-05,9.14,13.27,6.04,17.84,154.58,65.21
2023-04-06,9.79,14.59,17.25,47.43,165.46,51.83
2023-04-07,13.43,24.12,15.55,27.6,191.62,42.62
2023-04-08,7.28,10.48,3.6,12.29,130.12,73.83
2023-04-09,10.68,15.3,10.16,38.74,148.75,71.17
2023-04-10,7.43,10.65,13.88,32.68,157.29,53.88
2023-04-11,5.89,8.43,5.94,20.38,157.12,63.5
2023-04-12,7.77,11.2,17.66,35.74,181.25,54.38
2023-04-13,7.89,11.38,18.35,29.89,191.33,49.67
2023-04-14,12.15,18.22,18.67,36.49,188.83,38.21
2023-04-15,4.92,7.08,10.2,25.61,127.25,65.08
2023-04-16,8.69,13.41,7.26,32.13,143.21,70.08
2023-04-17,11.74,19.07,6.4,20.22,146.29,66.75
2023-04-18,14.08,20.21,7.35,26.24,148.79,78.67
2023-04-19,14.35,20.57,7.1,17.12,147.29,71.29
2023-04-20,20.56,29.45,5.59,24.07,147.12,76.5
2023-04-21,11.62,16.63,7.96,30.54,173.33,65.54
2023-04-22,16.57,23.8,20.1,49.39,214.92,53.04
2023-04-23,7.1,10.22,9.75,18.85,163.67,72.58
2023-04-24,8.31,13.62,4.85,15.9,148.25,61.83
2023-04-25,6.26,9.08,8.36,26.1,145.0,61.21
2023-04-26,4.0,5.83,5.36,19.66,142.29,66.25
2023-04-27,8.74,12.6,15.15,46.22,169.04,59.25
2023-04-28,10.58,15.16,23.21,42.88,185.75,60.58
2023-04-29,13.41,19.3,10.9,39.98,159.62,65.92
2023-04-30,9.1,13.39,5.74,23.9,152.92,63.46
2023-05-01,11.46,16.54,7.85,25.99,160.21,51.04
2023-05-02,7.74,11.07,3.57,15.12,145.33,63.62
2023-05-03,10.45,14.95,5.6,21.42,161.46,60.33
2023-05-04,9.54,13.64,5.47,20.17,159.46,56.29
2023-05-05,9.82,14.07,11.41,35.73,184.33,57.33
2023-05-06,7.6,11.28,4.71,24.33,169.42,68.17
2023-05-07,6.15,8.81,5.74,26.33,159.67,72.92
2023-05-08,7.86,11.37,21.58,33.9,210.5,62.62
2023-05-09,14.38,21.0,22.53,32.07,239.96,59.0
2023-05-10,31.8,48.54,9.54,27.43,260.88,60.79
2023-05-11,14.48,22.69,5.24,15.29,186.12,80.62
2023-05-12,25.04,38.84,6.07,13.08,266.38,79.33
2023-05-13,14.0,22.55,4.79,9.7,206.08,72.79
2023-05-14,7.37,10.59,4.25,12.05,169.04,65.71
2023-05-15,8.2,12.22,3.28,11.55,151.0,76.92
2023-05-16,16.44,23.48,6.45,22.82,363.5,81.04
2023-05-17,18.34,26.28,4.75,14.3,249.04,79.54
2023-05-18,9.05,13.22,8.95,7.83,140.96,52.71
2023-05-19,8.49,12.32,5.65,5.76,135.83,61.21
2023-05-20,4.85,6.93,4.35,4.56,139.12,70.54
2023-05-21,4.56,6.61,2.95,6.9,138.12,78.83
2023-05-22,8.58,12.36,3.54,17.93,137.5,71.17
2023-05-23,14.62,21.08,3.58,15.32,166.04,72.29
2023-05-24,12.2,17.49,3.03,17.15,161.88,70.25
2023-05-25,9.84,14.11,3.68,17.12,157.67,63.58
2023-05-26,28.88,41.47,4.17,14.63,191.54,73.75
2023-05-27,4.95,7.12,3.92,16.66,136.25,65.71
2023-05-28,7.72,11.06,5.49,18.43,146.21,59.83
2023-05-29,11.18,16.29,11.06,21.13,172.38,60.71
2023-05-30,17.55,27.23,10.75,22.37,190.38,66.75
2023-05-31,15.35,22.81,14.8,24.92,211.92,69.92
2023-06-01,5.86,8.4,4.55,14.75,142.0,73.54
2023-06-02,6.55,9.4,4.1,12.2,151.71,78.17
2023-06-03,7.12,10.22,3.15,10.42,146.92,89.04
2023-06-04,4.48,6.43,3.27,11.26,146.38,83.0
2023-06-05,5.28,7.87,4.4,14.53,146.83,83.12
2023-06-06,10.41,17.19,15.44,27.63,190.92,86.17
2023-06-07,11.78,19.91,13.82,30.14,182.96,94.38
2023-06-08,6.53,13.35,11.47,18.55,167.67,75.04
2023-06-09,19.43,28.4,11.05,27.05,210.92,57.58
2023-06-10,12.96,18.69,2.95,10.38,170.75,73.96
2023-06-11,14.14,20.25,4.77,20.76,161.79,76.38
2023-06-12,12.35,17.74,7.76,22.97,172.0,78.71
2023-06-13,8.53,12.63,3.87,16.94,146.08,75.5
2023-06-14,11.77,17.29,3.29,13.9,131.75,68.54
2023-06-15,10.35,14.94,4.93,16.55,155.08,73.5
2023-06-16,11.07,16.23,6.71,21.37,174.5,84.12
2023-06-17,10.43,15.67,10.32,23.67,181.75,80.04
2023-06-18,11.2,18.75,6.04,20.96,172.29,81.33
2023-06-19,9.2,18.31,4.75,12.6,147.38,85.29
2023-06-20,6.01,8.67,3.77,8.74,140.96,72.54
2023-06-21,10.55,15.24,6.24,13.19,143.92,67.71
2023-06-22,9.09,14.13,5.04,14.09,144.29,60.92
2023-06-23,12.53,20.17,7.94,20.41,153.42,68.58
2023-06-24,14.15,20.39,5.15,13.53,119.96,51.75
2023-06-25,14.69,21.03,11.33,11.93,130.54,53.12
2023-06-26,11.51,17.28,9.15,17.72,140.46,59.38
2023-06-27,7.98,12.12,3.63,9.26,144.25,68.92
2023-06-28,6.57,9.25,1.52,3.3,141.71,56.83
2023-06-29,10.58,15.03,2.53,5.02,155.88,60.25
2023-06-30,11.03,16.13,2.75,5.24,167.75,68.33
2023-07-01,10.54,15.3,2.38,7.4,171.83,69.96
2023-07-02,5.15,7.48,1.69,5.53,153.21,75.25
2023-07-03,4.63,7.57,2.13,4.92,156.79,77.33
2023-07-04,11.19,22.88,2.9,9.33,170.96,90.29
2023-07-05,8.9,15.29,1.62,3.39,163.67,72.96
2023-07-06,9.11,13.25,1.61,6.41,154.21,65.96
2023-07-07,10.77,17.55,1.68,4.88,162.5,59.33
2023-07-08,10.25,15.62,1.67,3.55,165.71,70.04
2023-07-09,8.63,12.97,1.38,3.36,161.33,68.46
2023-07-10,8.35,12.51,1.7,4.77,168.62,70.33
2023-07-11,10.01,15.0,3.01,7.2,183.62,80.38
2023-07-12,10.78,17.8,2.6,7.0,183.79,82.71
2023-07-13,8.62,20.86,2.07,5.1,167.04,83.46
2023-07-14,5.44,10.43,1.68,4.1,156.92,81.21
2023-07-15,5.98,8.72,1.38,2.81,140.29,78.79
2023-07-16,6.73,9.7,1.88,3.88,151.42,72.12
2023-07-17,6.14,12.25,2.35,6.13,158.62,72.08
2023-07-18,6.22,13.55,1.73,4.28,155.92,75.46
2023-07-19,6.45,11.1,1.87,4.6,156.0,79.46
2023-07-20,7.85,11.82,2.42,4.57,171.33,67.12
2023-07-21,8.54,12.65,2.65,4.7,170.54,71.17
2023-07-22,7.3,11.05,2.24,5.14,157.12,76.54
2023-07-23,6.54,10.0,3.64,7.93,172.54,73.33
2023-07-24,7.06,11.21,2.7,5.65,164.33,72.21
2023-07-25,6.63,9.75,1.8,4.24,161.71,74.04
2023-07-26,6.9,10.69,2.17,7.27,157.38,76.88
2023-07-27,9.38,16.65,1.28,5.57,159.96,83.88
2023-07-28,7.98,11.95,1.88,4.0,180.42,73.08
2023-07-29,8.25,13.45,2.88,5.92,196.29,74.04
2023-07-30,9.42,14.5,1.92,6.76,190.79,72.12
2023-07-31,5.83,8.55,1.72,8.17,179.75,83.54
2023-08-01,7.29,11.11,1.92,8.82,178.04,87.75
2023-08-02,9.4,15.06,3.5,9.4,193.04,84.04
2023-08-03,9.08,16.06,3.51,9.03,197.58,85.71
2023-08-04,7.06,10.6,2.65,7.46,185.79,85.29
2023-08-05,7.46,11.05,1.68,6.95,172.79,89.42
2023-08-06,6.91,10.14,1.77,6.82,168.5,74.67
2023-08-07,7.7,11.24,2.41,13.48,167.92,80.04
2023-08-08,6.76,9.81,2.01,5.75,166.21,68.38
2023-08-09,7.41,10.66,1.9,4.62,162.0,63.62
2023-08-10,7.85,11.45,3.02,7.77,160.92,76.75
2023-08-11,9.6,14.21,1.8,4.41,170.54,60.79
2023-08-12,5.05,7.36,1.98,4.05,168.5,48.29
2023-08-13,7.42,10.84,1.44,2.8,155.79,52.58
2023-08-14,7.16,10.2,2.85,5.28,161.75,46.38
2023-08-15,10.34,15.35,2.66,5.01,164.21,57.33
2023-08-16,11.84,16.9,2.12,4.02,165.58,44.38
2023-08-17,7.99,11.42,4.53,11.37,187.67,53.79
2023-08-18,9.12,13.26,4.54,11.05,195.38,62.92
2023-08-19,8.23,12.0,4.02,11.9,186.08,65.54
2023-08-20,7.26,10.59,3.62,7.35,182.92,62.92
2023-08-21,8.98,13.67,3.88,15.16,177.17,62.58
2023-08-22,6.21,9.44,3.57,6.96,183.08,65.58
2023-08-23,8.51,15.03,3.48,5.81,176.96,70.83
2023-08-24,8.6,19.15,3.07,6.2,170.71,71.92
2023-08-25,8.2,13.75,2.9,5.63,181.62,61.08
2023-08-26,12.1,17.82,3.45,7.78,183.42,60.42
2023-08-27,8.82,17.36,3.15,6.84,175.17,60.12
2023-08-28,8.67,15.69,2.17,4.98,172.21,61.96
2023-08-29,7.62,11.64,1.89,3.95,180.21,67.58
2023-08-30,7.62,13.95,2.22,4.9,177.62,75.83
2023-08-31,10.49,15.69,2.23,4.46,176.67,54.88
2023-09-01,13.5,20.84,2.33,4.53,181.96,66.12
2023-09-02,8.81,12.86,3.11,6.45,183.62,52.5
2023-09-03,7.17,10.49,2.12,5.08,173.25,55.42
2023-09-04,4.7,6.64,2.82,5.63,176.62,43.04
2023-09-05,4.66,6.72,2.85,6.1,187.33,47.5
2023-09-06,9.0,13.0,2.97,5.99,176.33,53.54
2023-09-07,10.53,15.51,4.51,9.19,197.29,52.29
2023-09-08,12.67,20.16,4.68,9.32,196.08,53.0
2023-09-09,6.38,11.27,2.2,4.63,164.75,56.17
2023-09-10,6.74,13.12,2.45,6.0,168.54,58.67
2023-09-11,10.09,18.93,2.24,6.58,168.46,53.38
2023-09-12,4.88,7.35,2.2,4.25,174.88,52.67
2023-09-13,5.55,8.0,2.57,4.78,179.88,45.21
2023-09-14,9.22,13.42,3.26,6.67,191.12,45.58
2023-09-15,7.58,11.12,2.95,4.49,195.96,43.54
2023-09-16,9.23,13.72,3.07,4.59,192.79,49.12
2023-09-17,11.03,16.59,3.77,7.45,204.38,43.17
2023-09-18,8.75,13.6,3.29,7.51,194.79,45.38
2023-09-19,7.33,11.2,3.99,11.17,193.83,47.33
2023-09-20,11.47,17.68,2.88,7.02,178.58,48.33
2023-09-21,13.31,20.23,3.32,11.45,185.83,48.79
2023-09-22,6.19,9.32,2.98,7.33,181.29,48.21
2023-09-23,4.19,6.29,2.22,4.44,185.54,54.08
2023-09-24,3.79,5.72,3.05,6.82,187.88,43.83
2023-09-25,5.1,7.76,3.88,7.21,181.96,47.17
2023-09-26,8.88,13.32,4.5,9.19,202.17,55.79
2023-09-27,11.06,16.63,5.9,12.36,216.54,51.88
2023-09-28,8.67,14.02,4.3,9.81,179.71,47.17
2023-09-29,12.22,19.56,2.78,6.38,200.12,48.17
2023-09-30,14.06,21.66,5.59,15.49,212.25,44.83
2023-10-01,10.75,16.41,3.19,9.72,195.71,49.54
2023-10-02,7.07,10.39,1.61,4.18,200.92,50.17
2023-10-03,5.76,8.6,2.79,8.88,192.04,52.33
2023-10-04,7.34,10.79,9.62,30.03,224.42,38.62
2023-10-05,7.44,11.18,7.22,17.4,229.46,45.88
2023-10-06,5.04,7.73,3.7,8.25,188.54,51.17
2023-10-07,10.93,19.68,4.41,8.17,190.21,43.67
2023-10-08,12.22,20.27,3.66,7.25,168.71,47.5
2023-10-09,10.97,28.52,3.19,7.09,174.54,54.04
2023-10-10,9.78,15.78,2.68,6.69,165.71,63.12
2023-10-11,6.41,13.1,3.15,7.28,177.88,52.71
2023-10-12,3.18,5.46,2.79,5.54,180.12,44.33
2023-10-13,5.43,7.93,5.51,13.1,224.71,43.12
2023-10-14,5.6,8.77,4.38,9.17,207.83,49.42
2023-10-15,6.96,11.88,2.74,5.95,183.38,48.71
2023-10-16,8.49,13.17,4.2,7.97,190.83,39.17
2023-10-17,11.23,18.15,6.61,16.6,203.29,36.25
2023-10-18,6.95,10.39,6.71,14.46,233.17,40.17
2023-10-19,5.04,9.82,5.15,11.0,206.08,34.83
2023-10-20,4.52,7.38,3.57,8.12,179.08,41.58
2023-10-21,5.83,9.19,5.1,11.77,200.75,45.62
2023-10-22,7.68,11.59,3.54,7.25,167.79,50.42
2023-10-23,1.78,2.97,2.3,5.54,188.33,51.54
2023-10-24,3.04,4.96,2.81,6.7,186.92,47.46
2023-10-25,6.52,12.17,2.45,5.63,160.12,53.62
2023-10-26,6.94,13.22,2.18,4.64,166.54,54.79
2023-10-27,5.29,8.45,4.86,11.76,223.46,45.42
2023-10-28,9.04,14.45,5.59,11.71,220.04,40.25
2023-10-29,6.43,11.56,4.18,7.35,180.92,36.46
2023-10-30,6.05,10.83,2.82,6.25,161.5,53.83
2023-10-31,2.3,3.38,3.48,6.2,192.5,30.54
2023-11-01,2.65,3.89,3.25,5.64,190.17,33.21
2023-11-02,5.1,8.76,2.74,5.3,178.83,40.96
2023-11-03,6.1,10.13,9.0,20.72,247.17,21.46
2023-11-04,10.61,19.06,7.26,14.15,226.79,37.08
2023-11-05,6.27,10.3,4.33,9.21,205.33,32.0
2023-11-06,5.63,8.14,11.19,29.45,275.42,33.71
2023-11-07,10.49,15.17,12.62,25.97,358.5,34.5
2023-11-08,6.73,10.01,5.77,9.7,260.38,52.38
2023-11-09,5.03,8.29,3.97,7.87,203.54,43.38
2023-11-10,3.16,4.7,3.53,7.29,195.75,38.79
2023-11-11,7.89,12.16,4.35,9.36,194.71,42.29
2023-11-12,2.61,4.08,3.59,8.24,188.62,38.67
2023-11-13,2.68,4.8,4.92,9.94,200.12,30.38
2023-11-14,4.33,7.42,5.3,12.78,191.75,55.29
2023-11-15,3.34,5.21,3.51,8.12,191.92,54.62
2023-11-16,3.79,6.23,4.33,10.15,224.88,53.62
2023-11-17,7.34,14.23,8.35,15.84,289.33,35.25
2023-11-18,5.62,11.49,2.59,7.18,187.0,58.96
2023-11-19,2.08,3.07,3.46,8.84,207.17,52.0
2023-11-20,7.17,10.38,11.6,27.77,302.75,45.58
2023-11-21,2.44,3.61,3.75,8.98,210.08,53.5
2023-11-22,6.35,12.13,4.25,8.3,197.04,62.0
2023-11-23,4.6,14.56,3.32,6.92,193.21,44.33
2023-11-24,5.2,13.62,2.87,6.42,178.29,56.88
2023-11-25,2.76,3.98,3.72,9.09,197.04,60.33
2023-11-26,10.4,14.94,8.73,13.94,293.38,46.17
2023-11-27,6.12,9.6,3.43,5.21,204.5,55.92
2023-11-28,7.5,11.28,4.76,7.67,236.42,49.29
2023-11-29,7.97,13.1,6.26,11.35,261.04,49.12
2023-11-30,2.59,4.22,3.38,8.28,194.46,39.96
2023-12-01,3.93,6.39,2.52,6.72,190.08,53.54
2023-12-02,5.19,7.95,4.04,9.03,211.04,49.67
2023-12-03,4.2,6.97,2.36,5.09,188.42,50.75
2023-12-04,2.14,3.12,4.9,9.68,209.67,57.38
2023-12-05,5.57,9.0,3.13,6.4,196.17,54.71
2023-12-06,2.45,4.0,2.27,5.75,204.08,51.21
2023-12-07,2.25,3.21,4.22,10.41,223.29,49.38
2023-12-08,4.8,6.92,2.48,5.7,176.38,52.17
2023-12-09,6.76,9.71,5.48,15.4,224.58,43.38
2023-12-10,9.27,13.22,9.05,16.66,304.54,38.21
2023-12-11,4.46,6.46,11.23,28.51,238.54,32.12
2023-12-12,3.58,5.1,2.78,5.34,203.71,50.25
2023-12-13,2.88,8.62,5.32,14.35,208.21,47.25
2023-12-14,2.84,14.07,3.78,6.97,216.29,52.75
2023-12-15,3.98,9.37,2.08,4.11,199.79,70.88
2023-12-16,9.33,13.46,3.17,6.27,223.58,64.62
2023-12-17,8.74,12.39,5.22,10.0,253.79,55.92
2023-12-18,8.15,13.65,3.72,8.61,223.42,71.08
2023-12-19,5.79,9.51,2.98,8.39,224.0,64.71
2023-12-20,1.75,2.62,3.21,7.48,209.46,51.88
2023-12-21,1.83,2.75,2.73,5.8,199.46,51.92
2023-12-22,6.38,9.65,6.3,10.82,253.29,46.46
2023-12-23,6.56,9.8,6.17,12.93,256.46,64.58
2023-12-24,9.81,15.98,5.87,11.89,273.54,67.71
2023-12-25,16.79,41.66,3.98,8.88,213.25,69.08
2023-12-26,4.16,10.2,2.21,6.54,185.88,68.75
2023-12-27,1.65,2.83,2.97,6.83,179.38,61.0
2023-12-28,1.76,2.73,2.84,6.27,177.04,57.17
2023-12-29,2.41,3.78,2.01,5.42,183.46,60.25
2023-12-30,1.39,2.21,2.12,4.8,193.04,54.62
2023-12-31,1.27,2.05,3.22,6.52,191.29,50.96
2024-01-01,5.12,10.48,3.24,6.98,192.88,61.38
2024-01-02,3.49,5.79,2.6,5.58,201.88,58.62
2024-01-03,2.07,2.97,4.42,7.88,229.88,50.04
2024-01-04,6.55,9.95,3.81,6.97,229.92,67.08
2024-01-05,6.72,11.9,3.46,7.52,222.5,60.75
2024-01-06,2.24,3.26,4.96,10.73,215.71,52.67
2024-01-07,5.04,8.33,4.13,7.87,207.54,65.17
2024-01-08,1.3,2.05,2.04,4.75,201.0,54.25
2024-01-09,2.88,4.31,4.99,7.55,245.38,62.79
2024-01-10,4.27,7.05,2.13,4.92,193.04,64.38
2024-01-11,1.77,2.76,3.77,5.64,203.21,67.33
2024-01-12,4.31,6.46,4.42,5.82,220.67,64.04
2024-01-13,9.5,17.55,3.74,7.17,214.67,76.17
2024-01-14,3.54,8.17,2.25,4.86,203.58,65.25
2024-01-15,6.95,10.01,6.22,10.2,279.08,57.75
2024-01-16,13.11,19.03,9.74,19.7,357.33,51.67
2024-01-17,6.53,9.92,5.01,10.57,240.5,59.58
2024-01-18,5.62,8.27,5.0,8.11,251.62,69.25
2024-01-19,7.21,10.81,6.42,11.24,257.83,72.29
2024-01-20,4.24,6.32,4.08,6.92,241.88,58.29
2024-01-21,6.08,9.3,3.95,6.9,255.17,61.75
2024-01-22,13.1,19.34,5.82,11.25,287.62,77.92
2024-01-23,14.42,22.52,5.62,12.19,309.71,84.12
2024-01-24,15.22,24.88,5.08,9.6,310.21,82.17
2024-01-25,15.2,26.29,4.4,9.28,280.21,87.46
2024-01-26,4.26,7.03,2.64,6.35,219.92,71.25
2024-01-27,4.2,7.09,3.12,6.38,216.5,68.04
2024-01-28,4.55,6.77,7.31,14.13,295.75,58.25
2024-01-29,5.8,8.32,10.08,23.81,374.62,52.0
2024-01-30,9.66,14.59,7.26,12.7,336.71,66.5
2024-01-31,2.1,3.06,3.45,6.8,232.04,57.29
2024-02-01,1.89,2.73,3.48,7.39,217.38,70.29
2024-02-02,1.6,2.3,2.9,6.02,219.67,64.62
2024-02-03,2.12,3.29,2.63,5.37,209.25,75.38
2024-02-04,4.34,7.09,2.64,5.97,213.96,79.42
2024-02-05,3.96,6.34,2.9,6.3,215.08,74.17
2024-02-06,8.57,15.55,2.63,6.66,248.0,90.21
2024-02-07,10.82,20.1,2.02,5.63,220.17,92.21
2024-02-08,1.32,2.15,1.9,4.39,175.75,71.42
2024-02-09,7.29,19.3,1.77,4.1,171.0,80.0
2024-02-10,5.02,10.0,2.42,5.68,192.54,83.58
2024-02-11,2.07,3.0,3.43,7.55,261.54,73.25
2024-02-12,5.2,7.74,4.15,6.89,294.29,70.67
2024-02-13,8.27,12.5,4.5,9.31,295.67,85.62
2024-02-14,6.58,10.8,2.5,5.31,204.5,78.17
2024-02-15,1.67,2.41,2.43,4.2,242.17,67.79
2024-02-16,2.41,3.45,3.73,6.2,250.71,67.92
2024-02-17,8.1,11.62,8.05,16.89,348.67,66.67
2024-02-18,11.96,17.2,10.91,31.57,472.75,70.12
2024-02-19,3.12,4.55,3.96,10.98,270.42,64.33
2024-02-20,4.4,6.4,2.64,5.8,271.46,73.79
2024-02-21,9.72,14.1,4.7,9.52,319.04,75.21
2024-02-22,9.84,14.55,4.66,11.52,319.08,87.29
2024-02-23,15.85,25.64,4.84,12.8,313.21,89.58
2024-02-24,10.53,18.21,9.34,28.31,373.0,67.54
2024-02-25,10.07,16.27,7.48,19.07,367.79,76.21
2024-02-26,13.09,19.7,5.57,12.51,286.54,80.67
2024-02-27,9.12,13.43,4.45,8.68,254.92,81.38
2024-02-28,7.42,11.18,6.03,12.05,254.79,86.62
2024-02-29,5.53,8.07,10.13,22.43,330.38,80.29
2024-03-01,2.18,3.16,7.42,18.22,293.83,83.29
2024-03-02,1.14,1.63,2.32,5.28,210.0,87.67
2024-03-03,1.51,2.19,4.08,12.37,209.12,81.79
2024-03-04,1.68,2.48,2.75,8.94,207.33,90.46
2024-03-05,13.2,20.75,2.55,7.92,225.5,84.88
2024-03-06,19.18,29.78,3.31,7.8,253.29,81.67
2024-03-07,9.56,15.03,3.6,7.94,245.17,76.67
2024-03-08,10.94,17.12,7.64,22.57,269.12,74.46
2024-03-09,27.67,55.44,3.84,9.84,254.46,96.17
2024-03-10,3.24,6.45,2.65,5.9,188.96,81.88
2024-03-11,8.24,13.28,4.66,12.05,236.25,79.08
2024-03-12,4.12,6.47,4.68,11.3,257.17,73.08
2024-03-13,2.9,4.35,3.13,6.33,239.21,82.46
2024-03-14,1.88,2.67,2.8,7.62,268.29,84.12
2024-03-15,1.99,2.88,2.65,6.42,232.92,88.0
2024-03-16,6.35,9.83,2.57,6.29,201.38,88.58
2024-03-17,19.95,30.66,6.64,15.56,288.75,86.12
2024-03-18,9.58,19.37,5.09,11.46,273.71,96.83
2024-03-19,10.83,23.77,2.85,6.58,211.0,81.29
2024-03-20,6.43,14.32,3.09,7.52,213.71,79.62
2024-03-21,8.85,16.72,4.47,14.39,255.04,79.71
2024-03-22,15.25,23.67,8.18,23.56,331.54,75.62
2024-03-23,23.62,35.52,10.91,25.15,425.67,87.75
2024-03-24,21.02,32.65,8.33,17.99,345.58,80.33
2024-03-25,13.41,25.59,4.36,7.73,216.62,73.38
2024-03-26,16.16,35.19,5.1,9.93,255.33,71.33
2024-03-27,14.47,52.01,4.47,7.83,225.12,68.75
2024-03-28,15.1,100.81,3.78,6.42,204.12,61.88
2024-03-29,14.47,81.73,2.03,5.04,178.58,79.5
2024-03-30,3.45,6.36,2.26,5.81,187.17,67.38
2024-03-31,8.54,12.5,2.81,9.06,207.17,86.79
2024-04-01,11.17,16.45,4.37,12.11,223.42,69.25
2024-04-02,12.31,19.9,4.21,9.13,211.17,64.88
2024-04-03,13.3,20.21,7.17,19.27,240.83,60.04
2024-04-04,22.32,40.03,7.63,21.73,258.79,55.12
2024-04-05,9.61,24.68,3.36,7.77,215.54,63.29
2024-04-06,12.9,22.55,4.63,12.62,217.42,59.92
2024-04-07,12.73,24.46,2.73,8.34,202.08,57.79
2024-04-08,15.69,27.5,3.44,7.83,179.75,65.04
2024-04-09,6.4,10.05,2.43,5.03,172.21,64.0
2024-04-10,7.35,12.53,2.43,5.21,177.83,66.08
2024-04-11,3.53,5.24,2.25,5.25,183.75,57.67
2024-04-12,7.99,11.65,3.15,8.41,177.38,71.04
2024-04-13,8.59,12.39,2.97,7.8,171.17,75.08
2024-04-14,11.75,23.8,2.54,6.28,160.38,72.04
2024-04-15,10.69,17.05,3.23,8.3,165.5,53.38
2024-04-16,6.2,9.16,5.12,15.7,173.67,55.58
2024-04-17,8.45,16.32,2.91,6.05,166.92,65.17
2024-04-18,13.3,21.39,4.29,9.25,180.67,61.71
2024-04-19,8.63,20.57,2.2,5.58,157.08,62.92
2024-04-20,6.43,14.35,2.7,10.47,150.71,69.04
2024-04-21,3.73,12.11,1.63,3.32,159.04,69.38
2024-04-22,8.24,22.0,2.77,9.25,168.5,63.58
2024-04-23,2.69,4.01,3.39,12.08,159.0,71.5
2024-04-24,5.9,10.71,3.63,17.55,159.83,60.5
2024-04-25,5.4,7.65,1.06,3.53,160.33,72.17
2024-04-26,7.69,11.24,1.15,2.37,163.67,71.75
2024-04-27,7.03,10.14,2.32,8.55,167.17,76.58
2024-04-28,11.36,16.32,4.23,17.59,175.12,71.75
2024-04-29,12.58,27.2,2.27,6.13,166.5,70.04
2024-04-30,14.43,28.46,2.88,7.27,166.58,52.62
2024-05-01,7.98,13.88,2.99,8.39,156.04,71.92
2024-05-02,4.73,7.3,1.79,4.44,154.92,81.17
2024-05-03,7.67,11.43,4.48,14.37,169.33,67.75
2024-05-04,11.48,25.78,2.0,4.78,148.88,76.21
2024-05-05,15.41,29.82,3.49,6.22,168.96,57.5
2024-05-06,10.43,14.99,3.92,13.26,166.67,72.42
2024-05-07,12.82,19.55,3.69,8.0,165.46,60.17
2024-05-08,9.35,16.34,2.21,5.26,155.54,66.54
2024-05-09,5.99,10.0,2.31,6.04,145.33,77.04
2024-05-10,9.17,14.77,1.96,5.02,152.38,70.54
2024-05-11,6.89,9.98,2.5,10.96,153.38,68.42
2024-05-12,7.39,10.77,3.23,10.25,169.88,85.38
2024-05-13,5.47,8.45,2.36,5.86,152.25,81.42
2024-05-14,12.96,32.71,2.24,4.61,150.88,79.88
2024-05-15,9.78,20.74,3.78,12.03,149.88,59.88
2024-05-16,6.15,10.04,2.5,9.5,144.33,70.38
2024-05-17,10.74,18.32,3.84,12.1,182.29,75.21
2024-05-18,13.72,27.03,3.26,7.87,163.04,78.38
2024-05-19,12.12,18.8,2.25,5.37,145.29,73.67
2024-05-20,9.03,14.8,1.71,4.14,149.92,69.38
2024-05-21,8.76,12.88,2.0,4.58,145.62,67.71
2024-05-22,8.25,11.92,2.19,5.31,144.17,66.12
2024-05-23,6.05,8.72,2.21,4.73,143.21,73.38
2024-05-24,10.57,15.84,3.33,8.53,149.67,68.08
2024-05-25,6.87,10.15,2.45,8.17,140.17,59.38
2024-05-26,3.65,5.6,2.28,5.02,139.92,61.83
2024-05-27,5.58,8.08,1.57,3.86,140.25,73.33
2024-05-28,4.9,7.05,1.28,3.31,137.67,67.12
2024-05-29,4.04,5.77,1.78,4.04,142.0,68.71
2024-05-30,3.57,5.14,1.7,3.55,143.25,69.25
2024-05-31,7.52,11.04,2.68,11.44,139.42,69.25
2024-06-01,8.66,12.62,2.58,9.68,150.12,69.71
2024-06-02,8.07,11.57,2.88,7.36,155.54,72.83
2024-06-03,9.41,13.77,2.44,7.65,145.75,77.75
2024-06-04,5.38,9.23,2.31,4.98,143.92,73.88
2024-06-05,9.62,21.65,3.89,9.47,173.12,74.54
2024-06-06,10.54,18.63,2.46,5.41,162.79,73.29
2024-06-07,8.23,13.06,2.18,5.35,155.42,74.17
2024-06-08,10.67,19.07,2.2,5.01,157.17,68.62
2024-06-09,9.51,31.83,2.98,6.64,157.62,63.42
2024-06-10,8.59,15.4,2.12,5.08,147.5,74.79
2024-06-11,8.87,12.31,1.89,4.45,139.88,63.29
2024-06-12,8.93,12.81,1.55,3.02,135.75,60.25
2024-06-13,6.79,9.92,2.14,8.41,144.17,60.79
2024-06-14,9.69,14.1,2.23,8.9,145.17,67.21
2024-06-15,10.0,14.53,2.11,9.69,153.04,74.96
2024-06-16,9.85,14.52,1.87,4.2,150.12,62.0
2024-06-17,15.43,24.11,2.35,6.16,161.04,71.04
2024-06-18,9.61,14.71,1.5,2.97,150.12,61.0
2024-06-19,8.89,13.1,1.81,5.79,138.42,73.5
2024-06-20,5.13,7.46,2.84,7.03,136.5,74.04
2024-06-21,5.08,8.73,2.21,5.49,133.17,74.08
2024-06-22,7.25,10.74,2.97,7.93,156.17,74.71
2024-06-23,5.57,9.2,2.93,6.67,160.92,78.29
2024-06-24,10.15,33.51,2.6,5.52,140.0,74.46
2024-06-25,9.1,27.09,2.76,5.72,137.54,74.25
2024-06-26,3.79,5.8,3.29,7.52,141.38,73.75
2024-06-27,6.11,14.46,2.81,8.82,151.62,77.92
2024-06-28,6.16,12.72,3.32,12.58,137.54,78.38
2024-06-29,8.27,13.4,2.07,5.19,129.54,83.92
2024-06-30,7.18,23.25,2.64,4.83,134.75,80.38
2024-07-01,11.56,24.5,2.48,5.48,138.0,66.75
2024-07-02,8.37,11.89,2.69,6.52,131.58,46.54
2024-07-03,8.46,13.14,2.37,4.97,137.21,55.08
2024-07-04,7.33,10.47,1.43,3.0,129.25,51.25
2024-07-05,9.55,14.44,1.33,3.03,133.62,57.71
2024-07-06,11.35,16.56,3.51,7.6,142.04,51.67
2024-07-07,5.38,7.62,1.54,3.47,134.62,53.5
2024-07-08,5.49,7.71,2.31,7.73,134.75,60.08
2024-07-09,7.11,10.29,1.47,5.75,119.88,57.08
2024-07-10,8.6,12.84,1.93,6.15,135.96,62.21
2024-07-11,8.4,12.45,2.18,9.76,127.17,76.0
2024-07-12,5.96,8.91,1.85,4.17,123.75,66.96
2024-07-13,7.3,11.05,2.51,5.74,132.67,63.12
2024-07-14,13.53,23.36,4.7,12.65,159.38,71.67
2024-07-15,7.76,13.26,2.19,4.48,147.75,73.33
2024-07-16,13.93,45.81,3.17,7.52,144.29,73.04
2024-07-17,13.59,25.08,3.72,8.79,141.5,67.67
2024-07-18,14.15,23.49,3.49,6.89,147.62,62.42
2024-07-19,13.11,18.76,3.48,9.93,160.33,60.62
2024-07-20,11.67,16.69,3.73,8.99,163.5,66.17
2024-07-21,8.88,12.95,2.87,6.84,160.04,59.92
2024-07-22,9.28,13.56,3.33,9.69,168.42,60.46
2024-07-23,10.7,16.12,3.02,7.89,159.38,67.04
2024-07-24,12.11,18.01,3.03,7.65,171.29,64.62
2024-07-25,10.72,15.68,2.19,7.52,162.67,63.58
2024-07-26,7.16,13.17,2.04,4.49,148.21,72.46
2024-07-27,5.89,8.95,3.07,7.5,151.67,72.92
2024-07-28,8.45,12.59,3.1,6.98,151.25,66.21
2024-07-29,7.38,10.67,2.26,5.25,142.0,63.0
2024-07-30,6.73,9.89,2.52,6.28,152.71,67.12
2024-07-31,7.6,11.25,2.94,6.06,172.12,65.46
2024-08-01,6.44,9.55,1.97,4.78,157.71,69.54
2024-08-02,6.96,10.79,2.73,7.76,163.5,79.54
2024-08-03,9.06,14.65,2.85,6.55,167.92,78.46
2024-08-04,6.99,10.35,3.16,6.78,169.46,70.17
2024-08-05,6.88,10.02,2.45,4.77,173.58,67.0
2024-08-06,7.93,11.41,3.6,7.45,188.42,69.29
2024-08-07,6.86,10.72,2.73,5.51,173.25,72.42
2024-08-08,11.2,21.11,4.6,12.05,198.79,74.75
2024-08-09,24.43,75.43,3.6,7.62,166.12,71.83
2024-08-10,6.47,10.49,1.78,4.13,150.04,50.0
2024-08-11,10.59,15.2,2.37,6.03,156.33,61.25
2024-08-12,7.61,10.9,2.51,5.7,164.83,61.17
2024-08-13,9.56,13.79,3.96,8.0,182.88,64.62
2024-08-14,6.75,11.62,2.77,8.19,169.42,71.42
2024-08-15,5.82,9.57,3.77,7.67,186.33,68.88
2024-08-16,7.81,12.91,2.77,5.91,172.21,71.25
2024-08-17,11.15,17.93,3.0,5.5,170.96,69.5
2024-08-18,10.52,16.69,2.42,4.99,177.46,70.58
2024-08-19,8.86,12.86,2.45,4.73,180.92,55.46
2024-08-20,9.85,14.65,2.66,4.96,168.96,60.46
2024-08-21,7.65,11.01,3.25,7.23,182.54,60.08
2024-08-22,9.38,13.6,4.38,8.25,184.71,63.25
2024-08-23,8.63,12.76,2.92,6.1,185.88,65.29
2024-08-24,8.88,12.68,2.76,5.48,195.54,52.0
2024-08-25,7.39,10.6,2.31,4.55,216.54,59.46
2024-08-26,10.83,15.62,3.02,6.02,182.38,53.58
2024-08-27,7.59,10.88,2.37,5.06,180.58,55.67
2024-08-28,7.46,10.82,2.75,15.09,168.58,62.46
2024-08-29,8.14,11.78,3.81,16.09,184.42,56.0
2024-08-30,6.03,8.79,3.0,7.36,190.58,66.71
2024-08-31,8.06,11.78,2.28,6.28,195.67,53.58
2024-09-01,5.95,8.5,1.28,3.16,179.21,49.25
2024-09-02,8.28,12.0,1.77,4.22,191.0,55.33
2024-09-03,3.85,5.62,1.82,4.47,196.5,60.79
2024-09-04,6.01,8.72,2.07,5.29,194.33,51.67
2024-09-05,4.01,5.69,1.82,4.15,195.17,44.79
2024-09-06,6.86,9.82,2.44,5.53,188.79,46.92
2024-09-07,13.15,19.32,2.9,6.3,186.08,49.71
2024-09-08,7.2,10.45,3.46,7.24,196.12,52.92
2024-09-09,10.45,15.17,3.68,7.88,204.58,49.5
2024-09-10,9.35,13.63,3.42,6.12,202.58,51.83
2024-09-11,8.31,12.09,3.52,12.45,189.58,51.54
2024-09-12,4.05,6.03,2.79,10.88,178.33,54.17
2024-09-13,12.74,21.0,1.75,4.14,194.92,55.42
2024-09-14,5.28,7.89,1.8,3.88,174.58,59.71
2024-09-15,5.65,8.64,2.16,6.15,165.29,58.88
2024-09-16,4.01,5.81,2.45,9.6,184.62,53.25
2024-09-17,3.05,4.39,2.04,7.33,167.33,51.08
2024-09-18,1.41,2.02,1.82,4.77,166.12,44.21
2024-09-19,3.1,4.48,1.55,3.05,168.33,49.12
2024-09-20,9.53,15.99,3.15,6.9,181.17,56.79
2024-09-21,7.62,11.5,5.0,10.5,202.38,55.42
2024-09-22,5.58,8.33,4.42,8.46,195.88,53.92
2024-09-23,4.73,7.4,2.32,4.85,165.04,54.46
2024-09-24,4.72,7.49,3.78,8.3,185.04,54.29
2024-09-25,3.6,5.37,2.55,5.8,167.46,47.88
2024-09-26,5.09,8.0,2.25,4.1,173.42,47.5
2024-09-27,5.17,8.14,3.52,7.51,187.75,50.12
2024-09-28,10.24,16.0,3.9,8.24,188.58,54.08
2024-09-29,14.61,21.7,8.18,23.22,250.92,49.33
2024-09-30,11.98,17.43,4.93,10.95,212.67,53.83
2024-10-01,5.0,7.33,2.35,6.69,148.46,59.88
2024-10-02,4.55,7.63,5.89,30.31,153.08,46.46
2024-10-03,1.97,3.01,4.85,16.98,161.5,51.54
2024-10-04,2.02,3.84,3.17,8.02,161.08,51.0
2024-10-05,3.17,6.23,2.83,5.85,163.92,50.67
2024-10-06,6.14,9.56,4.13,8.92,189.29,49.67
2024-10-07,8.18,14.05,3.92,7.99,195.17,49.88
2024-10-08,13.37,20.81,7.73,17.6,247.12,45.62
2024-10-09,11.42,18.5,7.45,15.14,224.96,47.17
2024-10-10,9.86,15.7,6.13,12.8,207.79,49.67
2024-10-11,11.27,22.14,4.28,8.68,174.08,55.25
2024-10-12,3.36,5.05,6.47,18.36,165.75,39.21
2024-10-13,3.56,5.18,2.72,9.84,164.62,53.71
2024-10-14,2.55,3.68,1.53,3.83,162.5,55.67
2024-10-15,8.89,13.86,2.02,4.14,168.29,46.08
2024-10-16,8.0,12.15,4.12,12.44,167.92,45.58
2024-10-17,7.77,11.92,6.7,25.51,196.29,47.21
2024-10-18,6.53,9.54,8.88,29.72,242.83,39.0
2024-10-19,7.48,11.14,12.81,38.3,275.25,34.42
2024-10-20,10.96,15.83,17.44,32.96,325.67,36.38
2024-10-21,8.56,13.15,8.43,14.46,239.38,42.38
2024-10-22,10.78,17.94,4.61,9.58,182.04,44.0
2024-10-23,7.63,12.06,3.23,6.89,169.62,38.62
2024-10-24,2.53,3.82,2.85,6.42,173.71,44.83
2024-10-25,7.36,16.53,3.25,6.81,161.25,48.12
2024-10-26,10.07,21.18,5.42,10.44,250.54,37.92
2024-10-27,7.16,11.53,4.84,9.87,276.21,43.25
2024-10-28,1.41,2.1,2.33,5.09,178.08,48.21
2024-10-29,3.5,5.12,4.12,9.4,284.83,45.92
2024-10-30,6.48,9.49,4.36,9.83,212.29,44.29
2024-10-31,1.57,2.57,4.14,9.36,210.62,43.71
2024-11-01,3.44,5.18,4.71,9.59,213.58,43.42
2024-11-02,5.14,8.37,2.69,6.15,179.62,58.46
2024-11-03,6.67,14.17,2.48,6.15,175.83,63.75
2024-11-04,8.2,16.33,2.7,8.62,190.12,70.92
2024-11-05,7.12,11.92,4.23,11.08,291.38,54.5
2024-11-06,5.25,9.77,2.4,5.06,175.21,56.88
2024-11-07,1.38,2.31,1.5,3.75,165.17,58.62
2024-11-08,2.64,4.35,3.19,8.71,182.04,54.96
2024-11-09,2.14,3.25,2.5,6.73,184.04,56.83
2024-11-10,1.58,2.57,1.85,4.38,166.21,53.75
2024-11-11,2.35,3.42,3.0,5.73,188.42,54.08
2024-11-12,3.55,4.53,3.95,8.98,201.92,61.08
2024-11-13,5.91,6.93,3.87,9.09,205.12,64.75
2024-11-14,2.74,2.81,3.41,8.24,184.79,62.75
2024-11-15,2.74,2.94,3.67,9.83,204.12,59.5
2024-11-16,9.17,9.47,7.03,14.07,374.42,67.25
2024-11-17,13.47,13.91,7.26,13.02,401.67,79.17
2024-11-18,31.8,33.32,11.42,28.69,475.0,78.67
2024-11-19,26.83,29.4,10.84,30.12,489.96,82.21
2024-11-20,16.05,21.25,7.06,16.57,337.12,85.08
2024-11-21,4.13,5.61,3.16,7.63,220.29,54.21
2024-11-22,5.86,6.03,7.6,19.62,309.38,50.79
2024-11-23,19.77,20.37,14.9,49.58,415.83,47.67
2024-11-24,7.71,9.35,5.67,12.45,213.92,73.29
2024-11-25,7.89,10.28,7.57,18.06,197.12,73.92
2024-11-26,9.78,11.42,4.35,9.25,270.04,79.83
2024-11-27,17.29,17.97,8.02,21.53,346.71,83.88
2024-11-28,17.28,17.94,8.99,24.99,440.29,80.67
2024-11-29,17.67,18.57,9.7,22.63,438.62,67.46
2024-11-30,8.04,8.62,8.76,18.16,369.17,47.58
2024-12-01,3.0,3.23,4.65,12.23,217.58,39.79
2024-12-02,12.78,13.11,14.16,36.44,766.58,54.62
2024-12-03,26.28,27.04,16.6,36.48,707.29,50.29
2024-12-04,19.48,19.92,10.78,22.43,480.21,59.88
2024-12-05,11.21,11.5,9.31,20.67,589.17,69.67
2024-12-06,12.72,13.51,7.4,14.67,359.0,70.88
2024-12-07,7.64,8.13,6.88,16.26,346.62,56.08
2024-12-08,7.15,7.77,4.95,9.4,477.17,64.54
2024-12-09,10.5,11.05,7.87,16.44,386.75,55.58
2024-12-10,19.12,19.95,10.88,24.1,510.04,54.67
2024-12-11,9.19,11.67,3.75,7.8,245.71,71.46
2024-12-12,13.14,16.42,3.71,8.75,252.71,78.79
2024-12-13,10.3,11.76,3.16,9.39,243.54,92.25
2024-12-14,14.5,18.03,4.0,10.42,259.83,87.5
2024-12-15,5.55,6.92,3.45,9.62,223.17,68.08
2024-12-16,4.71,5.62,3.37,8.79,204.83,65.62
2024-12-17,5.35,6.26,3.54,8.33,241.5,76.12
2024-12-18,9.36,12.68,3.82,9.21,243.58,83.29
2024-12-19,6.37,7.65,3.01,8.5,219.42,82.54
2024-12-20,3.49,3.83,3.81,11.56,230.67,61.54
2024-12-21,4.27,4.27,4.13,9.84,255.75,50.54
2024-12-22,4.73,4.76,3.9,8.83,242.46,60.38
2024-12-23,8.06,8.38,5.44,11.6,328.33,65.58
2024-12-24,12.51,12.84,13.04,20.4,594.21,53.38
2024-12-25,5.42,5.57,10.1,18.47,404.96,60.08
2024-12-26,12.51,13.38,5.69,13.6,329.12,86.42
2024-12-27,9.97,10.67,3.85,9.01,271.92,80.17
2024-12-28,2.9,2.99,3.98,9.06,273.83,64.08
2024-12-29,4.01,4.11,5.38,12.25,278.29,63.38
2024-12-30,4.14,4.31,5.48,10.14,356.38,59.29
2024-12-31,6.98,7.4,7.44,13.24,422.38,63.58
2025-01-01,3.94,4.11,5.06,12.56,278.79,70.08
2025-01-02,1.69,1.78,2.83,8.3,219.46,63.17
2025-01-03,2.29,2.47,2.88,7.1,219.12,63.42
2025-01-04,2.72,2.77,4.55,12.54,239.46,65.33
2025-01-05,4.94,5.02,8.8,22.39,290.75,66.79
2025-01-06,7.13,7.22,6.64,12.42,292.67,71.58
2025-01-07,6.88,7.25,6.05,12.56,264.92,67.92
2025-01-08,7.89,8.89,5.6,9.8,344.58,66.04
2025-01-09,8.34,9.55,4.78,8.16,263.08,69.67
2025-01-10,9.38,10.92,4.93,9.96,297.58,72.96
2025-01-11,17.6,18.85,8.65,17.88,529.0,70.92
2025-01-12,37.22,38.8,16.98,43.18,764.75,69.29
2025-01-13,30.63,33.14,14.33,33.7,551.83,74.5
2025-01-14,26.02,27.76,10.9,28.02,485.75,81.46
2025-01-15,14.76,16.35,4.21,9.56,330.67,94.46
2025-01-16,5.29,5.75,3.41,10.31,276.04,62.67
2025-01-17,2.36,2.47,3.1,9.38,236.62,58.58
2025-01-18,2.89,2.92,4.25,11.89,263.54,53.42
2025-01-19,3.67,3.73,4.4,11.06,251.67,60.54
2025-01-20,2.13,2.19,3.03,9.68,216.71,76.0
2025-01-21,1.55,1.67,2.19,7.37,195.54,64.92
2025-01-22,2.2,2.71,2.16,6.33,189.0,75.79
2025-01-23,4.62,5.24,3.22,5.56,228.83,72.42
2025-01-24,14.65,15.68,7.08,11.17,388.62,70.17
2025-01-25,10.34,11.22,6.24,14.65,340.04,78.25
2025-01-26,12.81,14.28,6.54,14.47,331.33,81.04
2025-01-27,14.86,17.76,4.61,10.08,331.12,94.96
2025-01-28,6.62,8.27,3.68,9.49,247.96,76.08
2025-01-29,2.82,3.02,3.24,7.72,217.0,72.96
2025-01-30,1.97,1.99,3.65,8.56,274.54,63.38
2025-01-31,8.47,8.7,6.7,12.11,390.33,54.67
2025-02-01,5.88,6.34,3.78,8.11,258.21,70.08
2025-02-02,3.36,3.42,3.91,8.94,291.29,70.46
2025-02-03,8.77,8.88,5.99,13.92,308.5,67.0
2025-02-04,2.18,2.24,1.68,4.31,242.25,74.58
2025-02-05,1.62,1.67,2.17,4.92,231.46,72.46
2025-02-06,3.76,4.21,3.61,5.11,256.67,76.92
2025-02-07,4.97,5.33,2.05,3.31,249.0,82.96
2025-02-08,7.0,7.54,2.62,5.47,280.58,78.88
2025-02-09,12.37,13.2,5.72,14.22,543.38,77.79
2025-02-10,7.8,7.95,6.2,15.05,357.79,79.83
2025-02-11,5.0,5.06,4.75,10.17,335.71,83.96
2025-02-12,8.75,10.09,3.65,8.05,284.71,87.17
2025-02-13,1.97,2.24,2.08,5.98,228.83,82.79
2025-02-14,3.3,3.85,3.4,9.62,280.17,85.25
2025-02-15,11.32,12.86,8.4,24.34,476.08,85.04
2025-02-16,13.11,15.18,11.83,36.92,458.88,78.25
2025-02-17,7.4,9.02,6.25,16.4,311.33,90.71
2025-02-18,12.63,18.64,6.25,15.48,368.5,96.79
2025-02-19,16.19,20.71,6.72,17.53,501.42,93.58
2025-02-20,32.3,52.43,8.6,24.56,505.46,109.12
2025-02-21,19.94,30.92,8.0,22.15,437.67,99.92
2025-02-22,25.08,41.55,4.48,10.3,371.5,112.12
2025-02-23,21.25,40.82,7.12,16.23,381.96,103.75
2025-02-24,14.28,25.47,3.29,6.34,365.29,98.25
2025-02-25,22.03,41.52,6.75,16.02,447.88,111.25
2025-02-26,13.81,24.07,4.49,11.44,321.21,96.21
2025-02-27,4.77,5.02,5.26,17.11,436.46,90.17
2025-02-28,13.86,14.22,9.08,31.59,507.46,87.0
2025-03-01,11.22,11.84,10.72,32.71,395.08,86.58
2025-03-02,11.72,14.92,6.6,19.52,356.29,95.0
2025-03-03,21.83,26.53,7.28,11.34,407.67,102.46
2025-03-04,7.55,8.3,4.2,10.62,257.21,91.58
2025-03-05,7.95,9.75,3.27,9.04,263.21,97.29
2025-03-06,10.52,14.0,2.4,7.35,215.25,99.67
2025-03-07,2.92,2.93,2.82,8.13,226.5,80.04
2025-03-08,4.6,4.64,3.67,11.14,233.46,82.88
2025-03-09,3.62,3.73,3.38,9.1,258.21,87.25
2025-03-10,5.56,5.97,2.74,6.85,258.29,97.5
2025-03-11,4.59,4.68,3.66,7.92,244.17,87.75
2025-03-12,10.55,10.65,6.57,16.13,355.92,86.71
2025-03-13,15.53,17.44,4.53,9.62,302.88,104.38
2025-03-14,21.4,25.16,4.65,10.28,318.67,105.38
2025-03-15,39.88,52.13,10.14,30.92,631.08,111.38
2025-03-16,38.57,51.15,7.52,20.46,354.71,104.29
2025-03-17,18.4,34.28,3.26,7.48,273.79,104.21
2025-03-18,16.24,34.5,3.42,7.91,270.71,107.67
2025-03-19,20.79,53.7,3.98,8.05,267.33,125.58
2025-03-20,20.57,55.48,3.87,7.66,256.58,118.54
2025-03-21,12.4,27.2,3.55,8.32,259.62,89.62
2025-03-22,10.66,12.9,3.16,9.3,225.96,80.5
2025-03-23,11.84,13.67,3.78,11.19,283.46,80.42
2025-03-24,6.61,8.71,2.9,7.7,224.42,86.92
2025-03-25,8.58,11.37,2.79,6.98,272.0,82.58
2025-03-26,14.3,18.9,4.37,10.81,317.08,77.83
2025-03-27,7.9,9.85,1.77,5.51,201.21,85.21
2025-03-28,9.86,12.35,1.85,5.93,200.96,85.54
2025-03-29,8.96,10.59,2.72,6.73,259.83,80.5
2025-03-30,18.75,24.02,7.63,23.15,345.83,71.42
2025-03-31,29.84,46.99,8.88,29.46,395.42,64.25
2025-04-01,14.07,20.92,3.55,8.6,250.38,76.38
2025-04-02,14.54,15.85,6.12,14.43,391.62,72.58
2025-04-03,11.33,12.36,4.03,11.83,218.29,81.46
2025-04-04,6.28,11.22,2.33,7.35,179.29,85.42
2025-04-05,8.41,8.67,3.33,11.17,226.08,75.08
2025-04-06,6.99,7.26,5.38,15.46,284.83,74.5
2025-04-07,12.62,19.98,5.39,13.1,203.88,69.92
2025-04-08,9.07,15.57,3.82,10.01,234.29,70.0
2025-04-09,17.48,20.6,7.26,21.82,364.17,61.5
2025-04-10,14.88,18.91,4.78,15.05,214.58,72.67
2025-04-11,5.88,8.42,3.57,11.0,175.96,85.54
2025-04-12,6.2,12.22,4.42,11.92,218.5,87.54
2025-04-13,7.92,16.38,4.59,12.59,200.46,59.46
2025-04-14,7.4,10.53,4.34,11.47,201.83,83.62
2025-04-15,15.72,20.35,3.03,7.31,191.83,84.29
2025-04-16,9.92,10.78,3.11,11.03,194.96,83.92
2025-04-17,5.93,6.56,2.15,5.88,181.5,80.71
2025-04-18,10.95,14.0,2.74,7.75,192.21,80.62
2025-04-19,10.61,13.65,4.86,14.29,233.29,82.12
2025-04-20,9.23,10.83,4.08,11.15,186.12,83.71
2025-04-21,11.12,14.2,3.05,7.19,193.88,81.46
2025-04-22,13.7,18.0,4.79,10.0,243.38,73.42
2025-04-23,11.81,13.16,5.13,10.03,206.38,77.96
2025-04-24,11.04,14.27,4.38,9.86,205.75,71.62
2025-04-25,9.1,15.64,4.33,12.63,182.12,76.58
2025-04-26,5.46,8.08,3.5,8.57,165.33,84.25
2025-04-27,7.49,19.93,2.58,7.31,153.29,92.46
2025-04-28,7.86,16.47,3.0,9.52,162.25,85.83
2025-04-29,5.74,7.91,2.3,6.74,162.92,85.83
2025-04-30,5.3,5.77,2.85,7.26,189.33,81.92
2025-05-01,5.55,5.83,3.57,8.46,205.04,68.08
2025-05-02,5.99,7.37,3.65,6.46,197.79,75.38
2025-05-03,5.45,5.86,3.75,8.97,206.42,71.79
2025-05-04,3.0,7.95,3.23,8.24,162.96,84.67
2025-05-05,4.03,4.57,3.58,6.89,192.92,82.04
2025-05-06,7.64,7.84,5.5,15.19,229.88,89.46
2025-05-07,14.22,15.0,8.23,22.35,221.42,84.75
2025-05-08,8.62,11.28,5.91,12.52,179.96,84.04
2025-05-09,11.17,22.9,5.53,11.61,169.21,77.33
2025-05-10,7.33,10.41,2.95,6.76,158.67,80.46
2025-05-11,8.58,9.16,3.02,5.86,171.25,69.5
2025-05-12,15.84,16.71,5.62,21.39,199.08,75.29
2025-05-13,6.94,6.98,5.5,12.35,179.29,85.25
2025-05-14,5.05,6.17,5.14,9.35,166.12,82.42
2025-05-15,6.39,7.65,5.7,9.93,161.96,82.88
2025-05-16,3.87,4.08,4.71,8.24,155.79,88.04
2025-05-17,2.5,4.02,2.89,6.38,144.88,90.17
2025-05-18,6.76,12.32,3.43,9.21,150.58,85.62
2025-05-19,10.19,10.79,3.37,5.09,204.12,76.62
2025-05-20,13.82,14.67,6.72,14.83,178.96,81.83
2025-05-21,5.47,7.95,3.32,7.26,190.62,89.75
2025-05-22,4.19,6.42,4.11,7.28,169.38,86.33
2025-05-23,5.34,8.9,2.15,5.69,148.92,97.04
2025-05-24,9.83,10.2,2.63,5.75,159.62,89.29
2025-05-25,14.1,14.49,5.75,13.89,188.62,76.25
2025-05-26,9.08,9.45,3.89,10.68,150.17,76.67
2025-05-27,8.33,8.92,2.88,5.29,161.96,84.46
2025-05-28,6.73,7.15,2.56,5.57,156.79,85.5
2025-05-29,5.62,5.93,3.11,8.2,159.62,79.62
2025-05-30,6.96,8.05,3.78,4.38,175.54,80.29
2025-05-31,6.05,7.89,3.65,6.0,177.92,83.88
2025-06-01,14.53,18.71,5.18,10.91,186.08,94.75
2025-06-02,17.01,18.9,5.95,15.73,193.83,100.54
2025-06-03,11.8,13.59,6.1,11.65,177.29,93.0
2025-06-04,11.1,29.44,4.65,9.24,153.67,89.5
2025-06-05,8.61,13.38,3.19,7.25,161.25,97.25
2025-06-06,6.15,6.22,5.92,9.05,172.08,91.08
2025-06-07,20.95,41.43,5.27,11.88,171.33,86.75
2025-06-08,18.43,27.56,3.25,5.9,161.5,78.33
2025-06-09,21.53,23.35,3.78,14.13,146.04,79.33
2025-06-10,17.24,19.54,2.09,4.65,154.92,83.21
2025-06-11,11.45,14.09,2.82,6.16,176.29,85.33
2025-06-12,22.64,32.17,5.62,14.72,174.08,89.0
2025-06-13,19.46,26.42,6.28,14.27,206.33,92.33
2025-06-14,13.2,16.47,4.16,9.5,194.21,91.88
2025-06-15,12.46,14.53,3.85,7.33,194.33,85.29
2025-06-16,9.57,10.86,3.12,4.29,223.88,79.54
2025-06-17,13.45,14.58,3.43,9.67,170.46,92.75
2025-06-18,9.12,13.54,4.58,10.17,173.46,94.92
2025-06-19,10.7,17.87,3.94,8.23,173.12,92.88
2025-06-20,12.9,26.77,4.9,10.28,204.96,91.83
2025-06-21,11.35,13.67,2.82,6.22,194.38,91.04
2025-06-22,8.21,8.8,4.6,7.38,200.67,78.79
2025-06-23,9.0,16.48,4.68,8.52,194.21,82.67
2025-06-24,12.22,12.44,3.59,7.61,205.54,82.46
2025-06-25,11.05,11.22,3.17,9.5,202.12,81.08
2025-06-26,9.18,9.72,2.42,3.97,190.58,73.54
2025-06-27,10.78,11.4,4.43,8.63,210.33,72.46
2025-06-28,13.44,13.87,5.41,13.36,183.58,80.0
2025-06-29,10.77,16.7,3.43,8.75,166.21,82.17
2025-06-30,9.78,10.42,3.63,7.87,180.04,75.75
2025-07-01,8.3,9.9,4.4,7.42,192.88,75.46
2025-07-02,9.77,12.01,6.35,8.54,239.29,79.33
2025-07-03,7.68,8.55,5.88,10.64,211.42,87.83
2025-07-04,6.7,8.17,3.4,7.88,161.5,93.88
2025-07-05,10.3,12.49,2.66,5.37,160.0,86.04
2025-07-06,9.41,9.49,3.36,6.15,174.04,81.92
2025-07-07,9.1,9.66,4.28,7.17,185.04,78.25
2025-07-08,13.67,13.9,2.68,3.59,165.58,70.79
2025-07-09,14.64,14.92,4.26,12.65,159.88,70.08
2025-07-10,14.5,14.85,3.88,9.08,163.46,75.83
2025-07-11,14.49,14.99,4.71,7.22,184.46,79.21
2025-07-12,11.21,11.38,3.74,7.31,167.92,77.71
2025-07-13,12.29,12.44,5.17,10.72,162.46,80.04
2025-07-14,13.08,13.3,3.43,5.84,161.04,69.08
2025-07-15,15.18,15.45,5.85,9.35,184.54,65.33
2025-07-16,10.25,10.41,4.89,8.34,184.88,76.83
2025-07-17,4.19,5.28,3.39,6.44,168.12,89.96
2025-07-18,5.97,6.43,4.15,10.25,167.58,91.96
2025-07-19,9.56,11.88,2.76,5.27,172.12,89.25
2025-07-20,10.85,11.14,2.31,3.45,166.96,71.17
2025-07-21,4.27,4.33,4.41,5.91,168.04,76.0
2025-07-22,7.35,7.43,3.33,9.96,170.12,86.83
2025-07-23,7.04,7.25,3.73,12.19,152.5,81.21
2025-07-24,5.35,7.06,2.71,6.53,158.67,90.88
2025-07-25,8.28,9.73,4.4,9.3,162.12,90.0
2025-07-26,12.81,14.35,4.71,10.4,182.58,88.04
2025-07-27,9.93,29.53,3.63,8.4,175.17,88.58
2025-07-28,9.48,16.45,3.94,9.15,169.96,86.21
2025-07-29,11.62,15.17,3.82,9.43,175.42,86.17
2025-07-30,13.91,23.82,5.58,13.73,192.96,78.12
2025-07-31,11.05,11.71,5.88,10.24,205.79,68.33
2025-08-01,9.24,9.53,5.32,9.64,196.79,70.17
2025-08-02,9.82,10.17,4.59,5.95,188.38,70.04
2025-08-03,8.49,8.69,2.4,2.91,182.25,62.42
2025-08-04,9.74,9.87,2.86,3.64,180.83,61.88
2025-08-05,13.78,13.98,5.79,7.48,202.46,64.5
2025-08-06,10.04,11.01,3.91,8.25,175.58,78.71
2025-08-07,8.75,8.94,4.88,14.39,184.5,73.88
2025-08-08,8.72,12.57,3.95,7.65,175.04,78.38
2025-08-09,8.83,9.06,2.93,7.33,165.29,63.88
2025-08-10,10.76,11.1,4.18,4.07,196.33,56.79
2025-08-11,10.6,10.87,5.92,9.51,177.75,74.83
2025-08-12,7.23,7.51,2.24,6.15,162.83,88.42
2025-08-13,11.83,11.97,4.67,10.06,200.21,78.54
2025-08-14,6.72,9.3,3.4,6.36,192.71,87.79
2025-08-15,8.34,8.48,3.24,7.64,208.5,85.04
2025-08-16,9.62,10.42,3.88,9.35,207.58,81.67
2025-08-17,8.12,9.4,3.64,7.33,189.0,75.21
2025-08-18,9.77,9.88,3.75,6.12,183.79,71.83
2025-08-19,9.99,10.67,5.33,8.14,234.54,71.46
2025-08-20,13.85,15.31,9.97,16.22,214.88,72.29
2025-08-21,4.99,6.94,3.94,7.17,193.71,77.96
2025-08-22,6.31,6.6,3.73,6.18,219.75,71.67
2025-08-23,9.79,11.14,4.33,6.73,223.88,72.75
2025-08-24,11.56,13.7,4.27,5.16,234.79,72.08
2025-08-25,5.86,5.91,3.71,8.95,188.79,72.79
2025-08-26,4.14,4.18,5.26,13.79,181.04,75.12
2025-08-27,5.0,5.01,4.09,9.64,182.33,84.38
2025-08-28,4.98,5.16,4.43,9.93,198.71,87.21
2025-08-29,6.71,10.17,4.08,7.52,185.04,81.62
2025-08-30,7.8,9.49,4.13,14.04,169.96,82.54
2025-08-31,9.23,9.43,2.66,5.64,166.17,66.21
2025-09-01,8.58,9.46,4.11,8.46,178.67,57.79
2025-09-02,7.4,7.6,2.3,3.83,196.12,63.79
2025-09-03,9.5,10.06,5.89,9.6,226.38,58.71
2025-09-04,14.05,17.0,6.75,13.99,245.88,64.38
2025-09-05,7.26,14.86,5.26,6.63,275.17,64.71
2025-09-06,2.82,3.09,2.3,4.92,164.88,76.79
2025-09-07,5.74,11.92,4.11,9.1,185.5,73.29
2025-09-08,9.65,11.73,5.44,9.09,190.17,61.54
2025-09-09,9.76,11.38,4.31,8.91,191.75,74.21
2025-09-10,12.53,13.56,6.44,12.14,171.5,66.0
2025-09-11,8.38,8.55,4.09,7.95,176.75,54.92
2025-09-12,7.32,7.45,3.81,5.51,195.46,53.21
2025-09-13,6.72,7.19,4.0,10.65,161.25,50.75
2025-09-14,7.51,7.75,3.64,6.23,173.38,54.08
2025-09-15,6.39,6.59,2.35,3.99,159.38,58.62
2025-09-16,5.49,6.51,4.22,8.55,185.29,64.21
2025-09-17,12.38,15.01,7.99,20.35,185.46,53.08
2025-09-18,14.13,16.58,8.55,15.93,230.5,51.71
2025-09-19,9.5,10.72,4.46,5.85,222.21,64.17
2025-09-20,10.54,11.29,4.83,14.37,201.08,60.08
2025-09-21,13.06,14.03,5.26,10.47,189.04,59.75
2025-09-22,5.48,6.32,4.83,11.32,209.67,70.96
2025-09-23,7.85,9.33,3.61,6.8,191.33,64.33
2025-09-24,3.87,3.91,4.15,9.06,192.29,59.67
2025-09-25,7.41,7.47,8.77,22.41,329.38,56.46
2025-09-26,10.57,10.58,11.62,31.34,316.96,55.12
2025-09-27,5.5,5.92,5.67,11.9,212.08,64.5
2025-09-28,5.91,7.24,4.2,7.62,173.96,52.75
2025-09-29,9.87,10.09,4.75,14.27,156.92,43.12
2025-09-30,5.83,6.12,9.12,26.5,165.88,40.5
2025-10-01,8.51,9.0,6.7,16.98,179.5,50.67
2025-10-02,6.63,6.75,3.42,7.17,170.04,54.75
2025-10-03,7.29,7.57,5.53,12.12,225.92,48.67
2025-10-04,7.71,8.15,5.12,9.75,214.33,50.12
2025-10-05,11.51,13.17,7.35,14.52,349.5,47.54
2025-10-06,18.93,20.72,8.99,17.62,279.17,52.79
2025-10-07,15.62,16.85,7.38,13.65,296.08,52.62
2025-10-08,15.92,16.45,10.92,21.83,312.88,40.83
2025-10-09,20.65,20.97,10.4,21.22,380.38,49.04
2025-10-10,8.73,8.84,7.1,18.23,261.21,45.88
2025-10-11,10.59,10.79,7.08,17.38,294.42,45.83
2025-10-12,3.95,4.09,3.88,9.74,164.42,54.92
2025-10-13,6.61,6.88,2.39,5.24,185.38,65.08
2025-10-14,7.78,8.08,2.37,6.46,191.83,60.25
2025-10-15,2.87,3.02,2.15,5.07,197.29,61.21
2025-10-16,3.94,4.13,2.32,4.1,183.08,67.79
2025-10-17,4.01,4.3,3.54,6.87,213.58,62.92
2025-10-18,7.62,8.97,5.3,13.03,259.83,51.62
2025-10-19,19.62,21.55,10.18,20.82,407.79,39.67
2025-10-20,20.27,21.62,10.55,24.65,317.71,43.29
2025-10-21,11.5,12.85,2.82,9.56,218.29,51.29
2025-10-22,9.17,9.75,2.35,8.54,206.96,57.04
2025-10-23,5.13,5.55,4.1,7.92,228.17,60.75
2025-10-24,11.31,12.04,7.6,14.67,255.88,53.83
2025-10-25,26.33,32.29,11.79,17.92,438.62,41.33
2025-10-26,12.5,15.27,5.57,11.38,239.17,38.54
2025-10-27,5.97,6.37,8.55,22.87,242.25,39.46
2025-10-28,8.03,8.84,5.03,16.1,245.12,48.75
2025-10-29,23.61,26.74,14.38,36.07,471.08,46.17
2025-10-30,17.6,18.58,11.05,26.29,342.58,52.0
2025-10-31,6.98,7.77,4.67,12.0,232.42,61.46
2025-11-01,6.2,6.48,3.34,8.4,199.0,48.21
2025-11-02,11.39,11.72,5.32,14.58,217.71,47.42
2025-11-03,5.33,6.9,3.88,10.24,185.88,46.88
2025-11-04,3.5,3.96,2.64,5.88,226.04,57.58
2025-11-05,6.55,7.02,3.64,8.53,216.5,65.17
2025-11-06,6.38,7.09,3.28,7.68,199.25,58.58
2025-11-07,3.67,4.22,2.93,7.17,190.96,64.67
2025-11-08,3.69,4.09,2.77,7.26,165.25,67.96
2025-11-09,6.57,7.4,3.29,7.97,165.54,67.5
2025-11-10,2.22,2.32,3.67,8.78,216.67,44.54
2025-11-11,6.14,6.36,3.04,8.86,190.5,51.29
2025-11-12,3.62,4.22,3.55,7.67,185.92,55.12
2025-11-13,4.85,5.35,6.36,16.97,241.08,49.0
2025-11-14,15.72,17.35,12.9,36.03,323.08,41.71
2025-11-15,9.76,10.37,7.58,16.44,289.58,51.42
2025-11-16,7.83,8.42,6.23,14.25,290.17,63.75
2025-11-17,10.18,12.83,6.24,14.95,286.12,55.88
2025-11-18,24.29,28.97,13.71,31.88,450.33,37.83
2025-11-19,16.48,17.67,10.96,24.99,407.5,48.25
2025-11-20,6.88,9.11,5.4,12.84,270.12,45.08
2025-11-21,6.8,10.7,5.38,11.21,319.21,40.0
2025-11-22,5.79,6.73,4.01,10.97,227.46,48.92
2025-11-23,10.56,15.0,4.26,13.56,194.83,51.17
2025-11-24,7.38,10.98,5.89,11.37,395.62,46.54
2025-11-25,10.32,12.84,6.06,13.07,315.0,43.67
2025-11-26,5.68,7.79,4.21,10.46,246.92,62.0
2025-11-27,5.81,7.54,5.19,12.18,252.04,41.21
2025-11-28,4.15,4.43,5.37,15.08,280.79,60.46
2025-11-29,6.75,7.34,5.0,13.72,248.42,50.75
2025-11-30,12.52,14.02,7.91,19.43,276.62,33.33
2025-12-01,17.62,18.79,9.38,19.08,582.46,29.96
2025-12-02,15.32,16.47,8.92,18.95,595.46,25.67
2025-12-03,11.72,12.23,12.75,31.68,351.25,23.88
2025-12-04,8.52,9.25,5.77,16.0,229.17,53.46
2025-12-05,7.4,7.76,5.21,14.65,224.17,56.71
2025-12-06,15.17,17.88,7.56,20.99,243.62,51.0
2025-12-07,7.84,9.71,6.96,21.13,322.29,55.46
2025-12-08,9.64,11.63,7.48,17.84,263.62,58.17
2025-12-09,4.19,4.48,3.31,9.51,221.33,42.08
2025-12-10,9.33,12.03,4.53,12.14,509.96,66.38
2025-12-11,12.62,14.9,7.01,17.7,303.62,67.96
2025-12-12,7.61,9.4,4.42,11.44,254.25,80.71
2025-12-13,4.35,5.29,4.08,11.45,230.5,51.42
2025-12-14,3.11,3.2,4.61,12.69,237.17,60.0
2025-12-15,2.57,3.22,2.3,7.96,185.42,61.88
2025-12-16,3.45,4.31,2.65,8.39,180.12,67.21
2025-12-17,4.37,5.13,3.81,11.03,223.5,57.42
2025-12-18,8.95,10.0,4.9,10.68,272.75,48.33
2025-12-19,11.2,12.12,3.96,10.12,244.33,54.08
2025-12-20,5.74,6.17,3.61,9.67,218.62,59.75
2025-12-21,7.88,8.14,7.93,16.9,389.96,42.33
2025-12-22,4.71,4.73,4.19,9.7,251.38,49.25
2025-12-23,4.25,4.36,4.25,10.77,228.29,59.17
2025-12-24,7.7,8.64,3.7,10.13,222.54,67.29
2025-12-25,3.95,4.39,3.56,9.78,224.25,58.92
2025-12-26,5.07,5.34,4.27,9.79,272.67,57.88
2025-12-27,16.48,17.0,8.59,16.95,474.42,52.83
2025-12-28,13.57,14.6,7.7,18.38,367.42,68.38
2025-12-29,11.38,16.46,4.12,10.1,271.33,83.71
2025-12-30,12.58,18.82,4.21,10.7,240.17,85.5
2025-12-31,5.6,7.27,4.42,9.42,294.04,68.04
2026-01-01,3.44,3.58,6.2,18.53,263.0,65.62
2026-01-02,7.27,7.62,6.6,19.44,316.83,69.12
2026-01-03,14.04,16.68,9.03,22.26,373.75,66.75
2026-01-04,8.87,11.61,4.75,12.38,264.96,55.88
2026-01-05,2.53,2.61,4.15,10.57,222.54,66.04
2026-01-06,5.59,6.97,2.47,7.27,204.79,71.04
2026-01-07,2.31,2.55,3.56,10.63,227.79,74.71
2026-01-08,11.1,11.86,10.74,28.42,376.96,67.29
2026-01-09,12.15,13.43,7.32,15.9,352.67,71.29
2026-01-10,11.64,14.28,5.05,10.72,325.67,82.92
2026-01-11,15.92,20.52,5.33,11.36,329.5,85.38
2026-01-12,3.3,4.73,2.8,7.88,235.08,60.67
2026-01-13,5.72,6.07,6.03,13.67,302.71,58.83
2026-01-14,3.62,3.71,3.74,9.57,227.0,54.54
2026-01-15,2.69,2.9,3.94,6.26,212.25,67.25
2026-01-16,3.72,3.92,6.62,9.03,224.08,61.79
2026-01-17,3.93,4.17,4.02,5.87,250.83,65.17
2026-01-18,15.83,17.1,9.02,18.72,467.92,64.92
2026-01-19,17.88,20.4,5.82,9.82,354.58,73.92
2026-01-20,21.2,26.1,4.23,8.81,269.0,72.04
2026-01-21,27.72,31.33,9.92,24.07,429.17,58.71
2026-01-22,16.24,17.64,5.76,10.51,290.33,60.54
2026-01-23,9.96,11.16,10.97,12.92,321.12,48.42
2026-01-24,22.57,24.22,13.87,31.33,583.75,47.71
2026-01-25,17.56,24.66,6.68,15.1,414.88,73.08
2026-01-26,16.57,19.54,9.65,26.87,550.58,68.21
2026-01-27,9.31,10.01,5.88,12.03,489.62,65.46
2026-01-28,10.01,11.35,6.27,10.76,555.79,63.21
2026-01-29,15.33,15.71,11.45,26.61,551.17,70.21
2026-01-30,21.9,24.8,12.58,34.36,471.38,72.33
2026-01-31,21.6,28.53,9.22,23.46,446.67,76.42
2026-02-01,25.46,34.73,6.8,17.8,446.83,94.29
2026-02-02,24.58,37.18,5.81,14.91,392.75,94.38
2026-02-03,11.96,17.31,7.81,13.42,353.75,69.17
2026-02-04,6.48,8.25,6.66,11.57,322.83,74.62
2026-02-05,7.22,11.85,3.17,7.33,272.38,99.54
2026-02-06,4.22,9.39,2.88,8.25,215.67,72.46
2026-02-07,6.61,6.95,4.05,10.19,265.46,65.83
2026-02-08,6.61,7.4,3.84,8.97,256.0,80.75
2026-02-09,9.5,18.81,3.05,8.06,214.67,93.38
2026-02-10,4.79,8.46,3.01,7.73,200.83,77.38
2026-02-11,2.54,3.12,2.0,7.02,205.83,78.33
2026-02-12,12.48,13.4,7.36,18.71,362.54,73.92
2026-02-13,11.25,12.52,5.89,14.29,382.08,73.04
2026-02-14,18.89,20.32,9.32,27.65,470.29,85.5
2026-02-15,15.82,18.86,6.92,18.63,309.67,91.79
2026-02-16,13.54,20.89,3.52,8.37,247.92,106.5
2026-02-17,17.24,31.76,3.88,9.58,256.58,89.04
2026-02-18,6.4,13.54,2.93,7.01,226.88,69.54
2026-02-19,1.75,2.0,3.45,7.41,257.92,72.0
2026-02-20,6.23,7.88,5.34,12.33,280.29,76.5
2026-02-21,4.23,5.5,3.04,7.14,226.29,87.62
2026-02-22,3.01,3.21,3.45,10.97,251.5,79.0
2026-02-23,5.03,5.71,3.07,7.03,255.88,81.83
2026-02-24,16.04,17.47,7.31,21.27,495.96,77.92
2026-02-25,12.26,13.68,3.59,8.02,273.83,82.83
2026-02-26,9.87,11.31,3.19,8.84,238.42,72.21
2026-02-27,11.14,11.94,9.48,20.72,347.83,59.67
2026-02-28,20.56,22.78,11.45,33.54,761.67,67.79
2026-03-01,20.27,23.31,9.75,27.45,442.88,74.83
2026-03-02,16.22,22.65,4.66,10.6,293.83,90.58
2026-03-03,11.1,16.78,3.32,8.92,249.17,87.75
2026-03-04,16.77,25.31,4.49,9.74,278.88,92.88
2026-03-05,6.53,9.26,3.54,8.42,226.25,90.71
2026-03-06,4.62,4.95,5.37,13.81,247.96,81.25
2026-03-07,3.62,4.83,3.09,8.72,197.21,95.58
2026-03-08,3.73,5.58,2.68,7.66,201.75,92.04
2026-03-09,4.63,5.5,3.6,10.42,244.71,82.62
2026-03-10,6.77,8.95,2.97,7.38,225.33,79.0
2026-03-11,9.91,13.38,2.26,6.75,231.67,84.33
2026-03-12,18.58,24.87,2.29,6.82,233.25,82.58
2026-03-13,14.4,22.95,3.01,8.35,229.25,82.88
2026-03-14,20.0,42.33,3.56,10.06,246.62,87.62
2026-03-15,6.86,9.71,4.84,10.3,445.21,91.71
2026-03-16,5.08,5.23,4.05,10.16,376.42,90.42
2026-03-17,8.85,9.92,3.9,12.68,328.29,89.29
2026-03-18,5.87,6.42,5.47,13.62,425.17,86.54
2026-03-19,5.35,7.02,5.45,13.67,399.5,104.08
2026-03-20,10.62,13.85,10.01,30.96,457.46,105.29
2026-03-21,25.08,35.74,12.1,42.51,572.75,109.46
2026-03-22,31.17,41.34,7.51,20.88,474.58,95.75
2026-03-23,18.33,25.97,5.15,13.79,383.29,86.42
2026-03-24,11.39,13.09,7.99,25.89,336.04,94.79
2026-03-25,18.05,20.54,8.37,28.95,334.67,80.04
2026-03-26,13.1,16.68,4.12,10.84,250.96,70.83
2026-03-27,7.84,20.2,2.33,6.99,212.54,74.58
2026-03-28,18.63,48.2,2.36,12.95,208.04,74.54
2026-03-29,9.02,12.83,2.85,7.73,211.12,71.54
2026-03-30,4.86,6.52,2.75,7.48,180.83,70.46
2026-03-31,5.43,9.78,4.17,11.41,273.12,64.58
2026-04-01,8.88,13.62,3.93,13.02,256.83,62.88
2026-04-02,8.38,9.74,6.52,25.68,289.12,67.12
2026-04-03,6.78,8.04,4.04,11.23,253.54,69.12
2026-04-04,3.6,4.53,4.42,11.75,216.92,72.25
2026-04-05,11.67,14.51,3.76,10.27,225.5,73.83
2026-04-06,17.88,20.19,7.25,19.02,331.21,71.21
2026-04-07,11.04,13.51,3.4,10.75,244.79,77.46
2026-04-08,14.02,15.83,2.93,6.7,236.04,70.92
2026-04-09,10.21,17.28,4.36,13.37,198.08,70.58
2026-04-10,8.99,11.36,3.75,9.24,216.75,52.25
2026-04-11,12.75,16.68,4.1,12.68,227.92,63.88
2026-04-12,11.1,13.47,4.52,13.76,265.33,67.42
2026-04-13,7.57,8.9,4.11,8.97,225.42,70.88
2026-04-14,5.51,5.82,6.6,21.7,263.25,73.62
2026-04-15,10.72,13.97,5.2,11.98,207.88,70.88
2026-04-16,10.02,11.92,5.1,14.15,189.96,75.5
2026-04-17,7.4,9.02,3.89,10.67,212.33,83.96
2026-04-18,13.03,14.65,4.47,13.46,203.5,91.71
2026-04-19,26.37,29.58,6.57,21.86,200.38,97.25
2026-04-20,15.6,16.75,7.7,22.35,222.29,80.04
2026-04-21,5.17,9.99,4.37,9.72,189.58,83.25
2026-04-22,14.09,34.19,4.83,11.69,170.04,80.62
2026-04-23,12.79,23.45,3.65,8.74,173.08,80.12
2026-04-24,9.77,12.97,5.08,12.45,197.42,76.54
2026-04-25,7.96,13.27,4.09,9.54,169.5,77.75
2026-04-26,5.51,9.35,2.69,6.7,165.79,88.88
2026-04-27,10.03,10.75,3.85,7.97,202.21,76.54
2026-04-28,7.5,8.19,2.62,9.15,163.71,79.38
2026-04-29,2.99,3.2,4.08,9.78,176.38,80.33
2026-04-30,2.47,2.7,3.76,7.95,161.79,81.12
2026-05-01,2.62,4.38,3.16,7.8,153.38,86.96
2026-05-02,4.54,5.16,2.95,7.05,175.21,85.25
2026-05-03,2.57,2.72,2.63,4.55,181.62,81.54
2026-05-04,6.27,6.54,4.05,11.15,185.79,81.58
2026-05-05,4.3,4.83,3.41,9.19,164.33,81.17
2026-05-06,6.31,17.31,3.52,7.74,164.58,81.67
2026-05-07,5.73,12.44,3.51,7.36,169.83,80.17
2026-05-08,11.65,22.12,6.31,18.29,187.42,81.33
2026-05-09,7.0,15.84,3.35,7.29,160.33,95.58
2026-05-10,7.4,11.24,2.8,5.64,152.21,77.79
2026-05-11,6.02,7.09,2.5,4.84,153.12,80.17
2026-05-12,5.33,5.75,3.45,6.41,158.46,78.96
2026-05-13,8.15,9.81,4.48,6.82,157.0,61.67
2026-05-14,9.72,11.56,3.81,3.82,171.79,67.92
2026-05-15,1.39,1.53,3.2,6.73,160.83,73.08
2026-05-16,1.97,2.31,3.23,5.38,155.62,68.75
2026-05-17,4.85,7.21,3.14,3.55,158.38,80.17
2026-05-18,1.31,1.37,3.54,8.57,145.46,78.38
2026-05-19,2.25,2.42,3.49,7.4,146.92,77.42
2026-05-20,2.31,2.37,4.65,10.35,162.29,81.29
2026-05-21,4.59,5.07,3.09,5.3,148.46,74.12
2026-05-22,8.48,9.45,2.69,6.95,149.83,68.75
2026-05-23,3.95,4.17,5.06,8.15,175.04,67.33
2026-05-24,7.51,8.85,2.46,5.4,144.21,73.67
2026-05-25,11.28,13.32,4.28,9.75,150.0,78.92
2026-05-26,12.32,15.29,5.62,10.28,170.96,80.33
2026-05-27,8.74,11.2,3.15,5.38,138.33,84.92
2026-05-28,9.65,18.34,2.46,4.95,125.38,81.83
2026-05-29,11.86,29.47,2.73,4.76,133.38,74.67
2026-05-30,6.69,14.08,4.63,6.52,140.67,72.12
2026-05-31,5.5,9.21,4.08,5.6,151.54,75.46
2026-06-01,7.3,13.84,3.43,5.66,143.5,80.21
2026-06-02,8.1,13.26,2.68,5.73,140.0,85.42
2026-06-03,6.9,10.87,3.87,9.93,155.62,88.42
2026-06-04,14.42,22.72,6.16,11.03,146.96,85.38
2026-06-05,17.32,56.46,5.53,8.73,141.88,76.71
2026-06-06,12.75,29.07,5.16,8.65,155.29,76.79
2026-06-07,9.35,17.17,2.78,5.62,138.96,82.67
2026-06-08,11.58,20.31,2.72,5.14,133.46,80.46
2026-06-09,10.36,15.39,4.23,7.17,143.79,80.54
2026-06-10,15.54,37.32,3.63,6.05,129.46,78.58
2026-06-11,12.6,14.78,6.25,9.1,147.71,74.0
2026-06-12,12.16,13.08,7.26,8.7,139.88,71.58
2026-06-13,7.88,9.0,4.74,7.05,134.88,75.5
2026-06-14,9.93,17.27,5.94,10.32,136.0,68.71
2026-06-15,7.5,12.17,5.25,9.47,168.96,76.04
2026-06-16,5.29,6.07,5.41,8.64,142.67,78.58
2026-06-17,6.94,7.52,3.39,7.5,134.29,85.04
2026-06-18,10.37,10.84,2.73,4.84,158.38,89.25
2026-06-19,8.5,9.05,2.62,6.79,124.71,93.17
2026-06-20,4.61,4.79,4.47,14.12,125.83,90.58
2026-06-21,4.09,4.23,3.35,10.18,119.88,89.46
2026-06-22,9.92,10.53,3.59,9.94,128.88,93.25
2026-06-23,12.58,12.87,3.5,6.67,137.88,96.33
2026-06-24,7.45,10.82,4.22,7.77,143.42,79.67
2026-06-25,8.45,9.3,7.37,9.17,155.58,68.71
2026-06-26,7.81,8.18,6.58,11.18,158.25,78.54
2026-06-27,6.73,8.28,4.05,5.85,134.75,74.29
2026-06-28,7.55,12.75,3.35,6.63,133.25,81.58
2026-06-29,7.42,12.32,3.74,6.24,121.46,73.29
2026-06-30,6.92,7.3,6.26,9.33,154.96,69.92
2026-07-01,8.82,20.08,5.77,6.78,147.29,72.42
2026-07-02,7.26,14.79,3.32,4.75,133.33,75.42
2026-07-03,7.34,9.54,3.12,4.88,111.04,66.0
2026-07-04,8.3,9.63,4.7,6.9,117.83,65.75
2026-07-05,10.95,14.34,5.66,9.51,151.33,65.0
2026-07-06,10.95,12.17,6.72,10.03,210.33,64.67
2026-07-07,6.89,8.03,4.0,6.13,139.71,69.04
2026-07-08,8.95,10.04,4.21,12.38,132.33,83.67
2026-07-09,9.07,9.4,3.8,12.25,135.71,81.29
2026-07-10,7.86,8.12,3.55,10.55,122.58,87.12
2026-07-11,5.66,6.49,3.13,6.05,135.29,81.62
2026-07-12,9.3,9.42,3.52,9.05,252.25,84.75
2026-07-13,14.45,14.56,4.83,8.68,187.21,85.75
2026-07-14,9.81,10.55,6.6,8.94,156.38,88.42
2026-07-15,7.71,8.12,3.17,5.9,128.33,92.58
2026-07-16,13.03,29.72,4.16,5.82,137.83,78.71
2026-07-17,4.03,4.44,4.15,5.27,132.33,79.88
2026-07-18,6.17,7.03,6.21,7.06,141.71,79.33
2026-07-19,8.1,10.55,3.59,6.99,127.75,86.17
2026-07-20,3.25,3.43,3.45,5.65,130.5,72.21
2026-07-21,9.38,10.43,6.47,8.25,156.25,66.71
2026-07-22,6.96,7.03,3.7,6.68,137.62,71.92
2026-07-23,14.67,14.98,3.31,4.52,186.62,68.46
2026-07-24,11.65,12.03,3.63,3.72,180.58,56.54
2026-07-25,8.66,9.2,3.18,3.1,165.58,66.83
2026-07-26,5.44,5.65,3.19,4.42,158.58,69.25
2026-07-27,9.64,9.93,2.9,2.61,155.25,65.79
2026-07-28,9.73,10.62,3.34,3.9,190.54,68.79
2026-07-29,10.53,10.76,4.43,8.66,162.38,64.08
2026-07-30,11.87,12.41,5.28,7.63,154.08,70.21
2026-07-31,13.36,16.04,5.01,10.57,149.71,80.58
2026-08-01,12.64,14.01,3.76,9.69,129.62,94.79
2026-08-02,8.6,9.35,2.72,6.35,130.17,95.71
2026-08-03,9.09,9.53,4.86,7.42,149.04,83.17
2026-08-04,9.05,9.72,4.64,8.51,155.58,86.54
2026-08-05,7.4,7.73,5.33,6.5,164.54,67.38
2026-08-06,9.69,9.82,5.39,7.84,187.0,72.46
2026-08-07,13.38,13.6,7.02,9.25,147.33,74.5
2026-08-08,6.72,7.43,3.46,10.18,112.67,72.17
2026-08-09,3.96,4.01,4.35,8.73,123.54,71.92
2026-08-10,3.93,4.08,3.55,3.81,127.92,75.17
2026-08-11,6.09,6.25,4.2,8.03,157.04,92.12
2026-08-12,4.18,4.35,2.92,4.4,148.88,72.92
2026-08-13,5.21,5.47,3.57,8.58,136.62,78.25
2026-08-14,3.73,3.89,2.56,5.8,149.17,86.75
2026-08-15,4.93,5.35,4.05,11.78,137.62,87.21
2026-08-16,13.05,15.69,4.33,7.74,148.29,87.08
2026-08-17,5.33,5.94,3.42,5.94,127.29,77.46
2026-08-18,6.74,7.11,4.79,6.3,140.5,72.25
2026-08-19,7.04,7.25,7.78,9.18,180.88,63.92
2026-08-20,8.48,8.66,4.23,5.89,132.25,65.17
2026-08-21,8.16,8.43,5.27,7.15,186.08,63.04
2026-08-22,11.59,11.84,10.47,15.72,221.25,69.25
2026-08-23,5.15,5.43,4.99,7.19,142.17,67.08
2026-08-24,7.38,7.65,4.8,8.58,142.58,69.75
2026-08-25,7.65,7.9,3.65,4.61,175.12,60.83
2026-08-26,11.45,12.08,8.46,10.25,219.71,58.88
2026-08-27,9.22,9.72,6.43,10.65,195.0,72.12
2026-08-28,5.51,5.77,5.3,8.2,159.29,70.46
2026-08-29,5.0,5.55,4.57,12.0,153.04,62.62
2026-08-30,6.88,7.33,3.55,5.18,142.92,58.25
2026-08-31,6.14,7.09,3.22,4.15,143.33,50.88
2026-09-01,5.69,6.5,4.23,5.88,143.75,57.58
2026-09-02,4.97,5.17,6.13,11.17,218.92,48.96
2026-09-03,5.24,5.31,9.05,14.7,180.08,50.38
2026-09-04,3.61,3.73,6.4,11.06,202.54,56.46
2026-09-05,5.38,5.46,6.65,11.72,210.25,67.04
2026-09-06,8.88,9.17,8.16,12.12,187.54,67.75
2026-09-07,7.05,7.6,3.71,7.79,159.54,74.38
2026-09-08,2.69,3.0,2.7,3.65,142.83,75.71
2026-09-09,3.82,5.22,4.24,7.52,158.08,75.38
2026-09-10,3.84,5.16,3.95,6.33,144.83,78.29
2026-09-11,6.85,9.41,4.02,5.08,152.67,82.08
2026-09-12,7.11,12.96,3.88,6.29,130.88,76.54
2026-09-13,5.99,7.68,2.99,5.56,128.54,71.12
2026-09-14,3.24,3.5,2.9,5.57,139.17,67.29
