Experiment,Algorithm,fold,RMSE,MAE,R2
A,Baseline (mean),1,6.588520208489686,4.177106812571026,-1.3401069572482882e-05
A,Baseline (mean),2,6.589312842618327,4.513547160938908,-0.01505642091479853
A,Baseline (mean),3,4.1867222101803225,3.2886177945844275,-0.005657586649750579
A,Baseline (mean),4,5.692312825378915,3.9391686622320767,-0.00048299661664663596
A,Baseline (mean),5,4.752948820959867,3.81859379157428,-0.040792843109018095
A,Baseline (mean),6,5.271716854074361,3.77099393939394,-0.0024977616865657915
A,Baseline (mean),7,7.528300246017996,4.625014092140922,-0.021578634165330124
A,Baseline (mean),8,5.400400683111432,3.9338493717664447,-0.005517717861453386
A,Baseline (mean),9,5.680976437591307,4.179684405025869,-0.0035740670064410285
A,Baseline (mean),10,5.657969803842519,4.090644444444445,-0.00014371796656176272
A,Ridge,1,5.20522781774287,3.3989942899744165,0.37582044476784193
A,Ridge,2,4.987012471617335,3.3034679302685093,0.41857883489913217
A,Ridge,3,4.209698964914802,3.2736071240718054,-0.016725984089091428
A,Ridge,4,4.362732792708439,3.078587572531679,0.41230848218972105
A,Ridge,5,3.8429768562196207,3.0187196900899593,0.3195855011178139
A,Ridge,6,4.333093727505834,3.2296434325074084,0.32270881098657134
A,Ridge,7,6.2468752889759305,3.8382280517375778,0.296597981576195
A,Ridge,8,4.364512306530994,3.0415192632041688,0.34323620258409904
A,Ridge,9,4.484382017330713,3.2222487640232584,0.37467087151998435
A,Ridge,10,4.402593480601643,3.2846520460433166,0.3944383926481905
A,Lasso,1,5.289684618593353,3.4177894206128054,0.3554010200985158
A,Lasso,2,5.108974355258953,3.4143054388306413,0.3897927350889593
A,Lasso,3,4.138543711882274,3.2134934476122203,0.017354352405173246
A,Lasso,4,4.441483475621026,3.1199669873864226,0.3909004265548215
A,Lasso,5,3.8177809847847106,2.9630985767995677,0.3284783136964534
A,Lasso,6,4.298177874364803,3.1762415192524114,0.33357999133191285
A,Lasso,7,6.281068089444412,3.8279564692400943,0.28887664663005097
A,Lasso,8,4.33433693067104,2.9392630819535808,0.35228627913619526
A,Lasso,9,4.482439221583758,3.1850296668435947,0.3752125843358054
A,Lasso,10,4.451435787858361,3.307545437428171,0.3809276791261792
A,Elastic Net,1,5.289989696041553,3.4175340263727785,0.35532666470799434
A,Elastic Net,2,5.10937389672131,3.414872102185321,0.3896972902426241
A,Elastic Net,3,4.1284840983449635,3.206216716919578,0.022125606402875864
A,Elastic Net,4,4.446089891590128,3.1230189635142813,0.38963633495311645
A,Elastic Net,5,3.8149014261061596,2.9542978915074394,0.32949092121198653
A,Elastic Net,6,4.302739365412214,3.18015865586264,0.3321647488546132
A,Elastic Net,7,6.285966182214265,3.8292115419341872,0.28776711996433446
A,Elastic Net,8,4.3304610767332035,2.931945005590704,0.35344415927809647
A,Elastic Net,9,4.482799605610472,3.184912222702455,0.3751121156199869
A,Elastic Net,10,4.452397078730058,3.3088134391770962,0.38066027199894636
A,KNN Regression,1,4.699669287051448,3.032624418951506,0.4911794404868375
A,KNN Regression,2,5.029961419204215,3.4800298810535573,0.40852112750529757
A,KNN Regression,3,3.712544607608996,2.9325446947779064,0.2092390713910538
A,KNN Regression,4,4.172761874127211,2.9854322381736758,0.46237507209008544
A,KNN Regression,5,3.8578324164705884,2.8594835770474187,0.3143148602671296
A,KNN Regression,6,4.179357036459465,3.0271856494629934,0.3699163544552364
A,KNN Regression,7,5.901404332623997,3.4268146117260447,0.37224716775757094
A,KNN Regression,8,3.8568394905222623,2.702576409438583,0.48713756376802375
A,KNN Regression,9,4.305616129633934,3.089777257592535,0.4235335070083839
A,KNN Regression,10,4.224166834933793,2.982961559783357,0.4425277090622455
A,Extra Trees Regression,1,3.624620168640644,2.4492671523178777,0.6973399770775499
A,Extra Trees Regression,2,4.045526736035924,2.796325695364241,0.6173866847066835
A,Extra Trees Regression,3,3.7644331663558956,2.743858145695364,0.1869803845602548
A,Extra Trees Regression,4,3.178826507484796,2.2950418666666654,0.6879919166137025
A,Extra Trees Regression,5,3.188029264191911,2.507214400000001,0.5317447880805972
A,Extra Trees Regression,6,3.8198396448852856,2.7302500000000007,0.47365618607868054
A,Extra Trees Regression,7,4.757800959572539,2.853064133333334,0.5919715199324804
A,Extra Trees Regression,8,3.389193418224853,2.4875240000000014,0.6039678265947179
A,Extra Trees Regression,9,3.4290639387619097,2.4514448,0.6343592252094509
A,Extra Trees Regression,10,3.9755906761593662,2.6301254666666654,0.5062075020201315
A,Adaptive Boosting (AdaBoost),1,4.59668302431043,3.592021519637516,0.5132351954308304
A,Adaptive Boosting (AdaBoost),2,5.3315312301069175,4.166248766674296,0.3354711451533039
A,Adaptive Boosting (AdaBoost),3,4.698928855909149,3.9095793543562616,-0.2667752828538197
A,Adaptive Boosting (AdaBoost),4,4.676394828301729,3.662195984203853,0.32476563469542674
A,Adaptive Boosting (AdaBoost),5,4.734879839974255,4.070972230827503,-0.03289445417577497
A,Adaptive Boosting (AdaBoost),6,4.98959280623873,3.9610805778269227,0.10193148844719602
A,Adaptive Boosting (AdaBoost),7,5.33470476496152,3.668715316474313,0.48702202654126847
A,Adaptive Boosting (AdaBoost),8,4.608274319141278,3.89310833045727,0.26782582284683343
A,Adaptive Boosting (AdaBoost),9,5.112015390215981,4.268460514040459,0.1873795270835934
A,Adaptive Boosting (AdaBoost),10,4.767010166944707,3.683319444014835,0.29004092134482307
A,Gradient Boosting Regression,1,3.4735870136831077,2.324424455512951,0.722037364881275
A,Gradient Boosting Regression,2,4.023936055524814,2.7293930541748823,0.6214597454110291
A,Gradient Boosting Regression,3,4.119959396354678,2.850596528165267,0.026159765771751053
A,Gradient Boosting Regression,4,3.147118619583693,2.166911905512658,0.694185256701308
A,Gradient Boosting Regression,5,3.1182616949832287,2.4126452902905764,0.5520153420490966
A,Gradient Boosting Regression,6,3.929228058373684,2.8825338119894135,0.44307882242021257
A,Gradient Boosting Regression,7,4.92377569527152,2.8566867063937504,0.5630070214895726
A,Gradient Boosting Regression,8,3.4880478967380095,2.5785751523309415,0.5805283249674118
A,Gradient Boosting Regression,9,3.693787459249787,2.5398628950295503,0.5757251785913912
A,Gradient Boosting Regression,10,3.981110918712429,2.6112923594301165,0.5048352546976265
A,XGBoost,1,3.4186940402707764,2.296946939285228,0.7307532157385149
A,XGBoost,2,3.8789172317463954,2.614231224439002,0.6482525530659654
A,XGBoost,3,4.120885216463363,2.7970543659917566,0.025722041956177333
A,XGBoost,4,3.2197619421515666,2.1803579475720722,0.6799043889728561
A,XGBoost,5,3.084204498374901,2.382435501225789,0.5617475487369482
A,XGBoost,6,3.8544423605426603,2.779644259293874,0.4640770311462087
A,XGBoost,7,4.9151427019038145,2.7153165270805357,0.5645380620784692
A,XGBoost,8,3.085487137034611,2.3192443178653717,0.6717647335356605
A,XGBoost,9,3.3424409572325118,2.411925456174215,0.6525990969046935
A,XGBoost,10,3.6306575556701572,2.5317145748138423,0.5881759199252625
A,LightGBM,1,3.609717034182342,2.3875651439974885,0.6998237187441627
A,LightGBM,2,4.030252043975356,2.6889704101148495,0.6202704957846952
A,LightGBM,3,4.041441547246434,2.755227022388868,0.06292479788580552
A,LightGBM,4,3.232698540800214,2.2583779087149387,0.6773270137328822
A,LightGBM,5,3.433641124117928,2.542860823947118,0.4568149293125072
A,LightGBM,6,3.9372461449722267,2.7785941650356616,0.4408035671722641
A,LightGBM,7,4.962670281107368,2.8273980012130036,0.5560758397367422
A,LightGBM,8,3.136623676573415,2.3452578242911937,0.6607947282330457
A,LightGBM,9,3.26666994269164,2.3813027824324506,0.6681712833893791
A,LightGBM,10,3.626576546452057,2.576469025915903,0.589101214187691
A,CatBoost,1,3.3918571922621497,2.2986553653948367,0.7349638141868213
A,CatBoost,2,3.8412112146178217,2.6245727002077412,0.6550578192185655
A,CatBoost,3,3.3719469202075962,2.6286547586227025,0.34767608490232593
A,CatBoost,4,3.182743330941282,2.1798127366307516,0.6872225550419038
A,CatBoost,5,3.120151541805203,2.4098785850995825,0.5514721683093601
A,CatBoost,6,3.8951939385318215,2.805350780643891,0.4526848990895671
A,CatBoost,7,4.815058731605345,2.7896979285582106,0.582091585167225
A,CatBoost,8,3.352723915720749,2.4550157362974083,0.6124449991329304
A,CatBoost,9,3.3009565018692952,2.328702986151701,0.6611690625929929
A,CatBoost,10,3.633457247133191,2.456092123930537,0.5875405392044615
A,HistGradientBoosting,1,3.447175568327519,2.3144474814660962,0.7262482769691422
A,HistGradientBoosting,2,4.138400078583728,2.640085501138579,0.5996176947574307
A,HistGradientBoosting,3,4.080968239847031,2.755793994345137,0.044505324296607474
A,HistGradientBoosting,4,3.267903492959462,2.2684322912453956,0.6702607550537558
A,HistGradientBoosting,5,3.379141477407654,2.4835088014728064,0.4739212354135589
A,HistGradientBoosting,6,3.9927729401927694,2.849482952037799,0.42491970534606405
A,HistGradientBoosting,7,4.941246715448486,2.8747797411097373,0.5599003575250687
A,HistGradientBoosting,8,3.2347324283507097,2.418979145523526,0.6392432338324199
A,HistGradientBoosting,9,3.4172821579519836,2.4471686256812943,0.6368674891978725
A,HistGradientBoosting,10,3.5910183839798187,2.539069670339198,0.5971193420121874
B,Baseline (mean),1,10.351256419909987,6.214690970793911,-0.17194061817569684
B,Baseline (mean),2,4.156428560146423,2.9366569154543534,-0.023516703907910497
B,Baseline (mean),3,5.174587982838916,4.615815024805102,-1.4161442110700104
B,Baseline (mean),4,4.632059524259981,3.425125440375788,-0.00029552727984194505
B,Baseline (mean),5,3.477196916660373,2.72300122013871,-0.13600186810589943
B,Baseline (mean),6,8.266218694044996,5.9481162890429555,-0.03761386460542249
B,Baseline (mean),7,4.54936263854914,3.3284899251671476,-0.10354169662684631
B,Baseline (mean),8,4.517653121033154,3.3828539484286866,-0.0006318791248203226
B,Baseline (mean),9,6.41234150282454,4.982247933291919,-0.05856051909935256
B,Baseline (mean),10,3.4991430937238652,2.9064769353242395,-0.22941254120396293
B,Ridge,1,8.375263200110984,5.942000093321587,0.232786209266298
B,Ridge,2,6.785646740259637,5.594179621610278,-1.7279523952970397
B,Ridge,3,4.312951273227112,3.412812927045266,-0.6784963618338364
B,Ridge,4,4.636706495530743,3.467315174993398,-0.002303565478642522
B,Ridge,5,4.520455017728615,3.7420256893867077,-0.9199272728658945
B,Ridge,6,6.019420717362073,4.0339840788585235,0.4497863231281968
B,Ridge,7,4.814626194492844,3.6398971383016723,-0.235983811877712
B,Ridge,8,4.15398941138468,3.221455362492852,0.15398250806410885
B,Ridge,9,5.233175927171969,3.988091161739242,0.2949611074569045
B,Ridge,10,3.9864511645359384,3.1657339176827395,-0.5956848794121543
B,Lasso,1,9.212445697104407,5.2571278887827795,0.07174060271760785
B,Lasso,2,4.646483692051578,3.1664419736381384,-0.27909596396918035
B,Lasso,3,4.329006835024318,3.4470392709532782,-0.6910164954650291
B,Lasso,4,4.563934845834981,3.4257407203396903,0.028911222202409825
B,Lasso,5,4.479238128457075,3.7051931268324854,-0.8850756193829012
B,Lasso,6,6.080167752882383,4.0665112107266985,0.4386249488248434
B,Lasso,7,4.770912123634494,3.634593733813245,-0.21364163974118222
B,Lasso,8,4.046009456984323,3.1244081863315967,0.19739407923229368
B,Lasso,9,5.2420402305990335,4.063788452295746,0.29257060049886763
B,Lasso,10,3.790700910600606,3.024948758799851,-0.4428237166783151
B,Elastic Net,1,9.205151815669947,5.2463503757348,0.07320990498902091
B,Elastic Net,2,4.644127538961291,3.1644206248005724,-0.27779907711957796
B,Elastic Net,3,4.3198293999650526,3.4443899616051863,-0.683854231960771
B,Elastic Net,4,4.556092539249795,3.419931483186715,0.032245640054849534
B,Elastic Net,5,4.418471311896596,3.650652301658704,-0.8342754478678449
B,Elastic Net,6,6.164476383433688,4.103197622390515,0.4229487707915903
B,Elastic Net,7,4.754018608224999,3.6268566780391307,-0.20506199130521052
B,Elastic Net,8,4.097145326176518,3.1438308120534915,0.1769782556470162
B,Elastic Net,9,5.202082713597588,3.9977145685716966,0.3033142757753875
B,Elastic Net,10,3.787446112725034,3.0226933351582583,-0.44034708579669024
B,KNN Regression,1,8.838624077272007,5.229739542420012,0.14554578082928338
B,KNN Regression,2,4.352210114157937,2.9822771835476187,-0.12220965763198977
B,KNN Regression,3,5.52820716988306,4.724807734628775,-1.75765492712851
B,KNN Regression,4,4.429306475012429,3.3621856638397474,0.08535718707307283
B,KNN Regression,5,2.9014376057994573,2.306963868628078,0.20905379757268583
B,KNN Regression,6,6.505784488327248,4.013514643501374,0.35728071742406353
B,KNN Regression,7,4.3252171919932705,3.2159833260347646,0.00252165704259677
B,KNN Regression,8,3.851331476847672,2.8185049028373537,0.27277237095403606
B,KNN Regression,9,5.032079546113856,3.8595696168055715,0.34810537457385204
B,KNN Regression,10,3.2449590147851115,2.683792131309097,-0.057286446631139354
B,Extra Trees Regression,1,7.579665581526053,4.740908529411768,0.37162403927104815
B,Extra Trees Regression,2,4.296185507054655,2.9024230882352917,-0.09350392325476786
B,Extra Trees Regression,3,4.050026504380962,3.443585882352946,-0.48008627619399835
B,Extra Trees Regression,4,4.5351763682619,3.5810664705882376,0.04111080357928265
B,Extra Trees Regression,5,2.652607893628679,2.070393823529413,0.3389008645994187
B,Extra Trees Regression,6,4.5298811621125035,3.2405698529411753,0.6884013253096481
B,Extra Trees Regression,7,4.0198183805827075,3.110845588235293,0.13841030224720363
B,Extra Trees Regression,8,3.190316414530623,2.373631176470589,0.5009821406741022
B,Extra Trees Regression,9,5.447861482289606,4.088237205882352,0.23592758938172587
B,Extra Trees Regression,10,3.0016046454702883,2.460799264705881,0.09534870127506101
B,Adaptive Boosting (AdaBoost),1,7.761519015099331,4.760872683555719,0.34110998784763347
B,Adaptive Boosting (AdaBoost),2,4.1648552061298245,2.842414303269726,-0.027671018444501483
B,Adaptive Boosting (AdaBoost),3,4.661428975405375,4.18972383561314,-0.9606923025292924
B,Adaptive Boosting (AdaBoost),4,4.860011923887628,3.7487527206550775,-0.1011709181378786
B,Adaptive Boosting (AdaBoost),5,3.228891246257808,2.630049109369231,0.020448420957946634
B,Adaptive Boosting (AdaBoost),6,5.374900578814787,4.0470131640661835,0.561304827828362
B,Adaptive Boosting (AdaBoost),7,5.4908481153707855,4.421421670220603,-0.6075574237776702
B,Adaptive Boosting (AdaBoost),8,3.8730293437886387,3.2790486809009556,0.26455508943151196
B,Adaptive Boosting (AdaBoost),9,6.115194993391285,4.8530484058904975,0.037273282120504625
B,Adaptive Boosting (AdaBoost),10,4.760844662062325,3.9589309170241735,-1.27584277700592
B,Gradient Boosting Regression,1,7.538584036223693,4.889381731680651,0.3784171353296141
B,Gradient Boosting Regression,2,5.033140780196822,3.9212981401600815,-0.500833276225487
B,Gradient Boosting Regression,3,4.230031986111981,3.575270962637678,-0.6145764133898775
B,Gradient Boosting Regression,4,5.527710242412143,4.320930901689976,-0.42452673020736764
B,Gradient Boosting Regression,5,2.7699498120840578,2.1419107487504085,0.27911784590885824
B,Gradient Boosting Regression,6,4.9701886422771935,3.4754318335700534,0.6248821509752542
B,Gradient Boosting Regression,7,4.910318485390758,3.896693642009477,-0.28560323666069043
B,Gradient Boosting Regression,8,3.343935457857807,2.633739176592913,0.4517680461267696
B,Gradient Boosting Regression,9,6.837749532249211,5.065210300064321,-0.20367372938221262
B,Gradient Boosting Regression,10,3.2323214501511743,2.5211469950485244,-0.04906723192532736
B,XGBoost,1,7.350936368897771,4.5834052420363705,0.40897643181131627
B,XGBoost,2,4.992659794021044,3.820008937330807,-0.4767882951375608
B,XGBoost,3,4.375473723572582,3.784587144010208,-0.7275135447045591
B,XGBoost,4,4.914599906200441,3.8596676015152647,-0.1260466934501696
B,XGBoost,5,2.713232758978814,1.9238314914002141,0.3083369461432217
B,XGBoost,6,4.94933852190215,3.358942288721309,0.6280228153045851
B,XGBoost,7,4.4848351455990265,3.556385852028342,-0.07245876162096754
B,XGBoost,8,3.461535633585695,2.6949257679546577,0.4125293347629476
B,XGBoost,9,5.766119806119262,4.59971895070637,0.14404737427431025
B,XGBoost,10,3.043213959263586,2.411947098093874,0.07009366132455197
B,LightGBM,1,7.630392195589104,4.783218443005403,0.3631851320705458
B,LightGBM,2,4.4922398691695635,3.1729876261404852,-0.19558420807446808
B,LightGBM,3,4.572087130181361,3.860303088766535,-0.8862545366581625
B,LightGBM,4,5.023085791543844,4.034066486832626,-0.1763085536924336
B,LightGBM,5,2.628046251935644,1.9786409199186945,0.35108698851242404
B,LightGBM,6,4.6323073857659836,3.25476854062719,0.674150750900774
B,LightGBM,7,4.143454040699172,3.1831339441431235,0.08459625250707947
B,LightGBM,8,3.6170570156721618,2.786948653818316,0.3585552110762661
B,LightGBM,9,5.666805163497429,4.266329724032974,0.1732790049210925
B,LightGBM,10,2.920712743202527,2.3072624642078297,0.14345156810410353
B,CatBoost,1,7.750034533391891,4.9430384040571695,0.34305842395672814
B,CatBoost,2,4.681583840178128,3.3337176459936946,-0.29849387329583377
B,CatBoost,3,3.88502378426722,3.3003337762140825,-0.3619421626079793
B,CatBoost,4,4.623915905249598,3.63973370465552,0.0032186179377305946
B,CatBoost,5,2.6392309783253878,1.8993401831907855,0.345551805110213
B,CatBoost,6,4.569895317173574,3.2432631441030857,0.6828720736143697
B,CatBoost,7,4.298469478315603,3.4082593665171372,0.014820585303043865
B,CatBoost,8,3.318288043488825,2.4900500639826113,0.46014548675616107
B,CatBoost,9,5.363851669909347,4.086321922016522,0.25931095039018637
B,CatBoost,10,3.0525593141352965,2.425835536520912,0.06437362434743399
B,HistGradientBoosting,1,7.8554698725812715,4.972566908636641,0.32506211324307044
B,HistGradientBoosting,2,4.549297426942622,3.224842093623972,-0.2261481770998348
B,HistGradientBoosting,3,4.7911767914925925,3.9377590820984847,-1.071360516991683
B,HistGradientBoosting,4,5.245854571742965,4.236853870294269,-0.28295834798707475
B,HistGradientBoosting,5,2.628801496479797,2.0077600239423283,0.35071396735145666
B,HistGradientBoosting,6,4.981611063769143,3.3827753138284753,0.623155988017661
B,HistGradientBoosting,7,4.195163493066412,3.229266869773318,0.06160558255069415
B,HistGradientBoosting,8,3.455254021208041,2.6691558375034923,0.4146595538632354
B,HistGradientBoosting,9,5.684207288488815,4.3606366110981485,0.16819367318642386
B,HistGradientBoosting,10,2.9129211608291956,2.318551358424775,0.1480154991133642
C,Baseline (mean),1,10.35494126736212,6.216669550173011,-0.1727751431576363
C,Baseline (mean),2,4.163476458441132,2.951854995674741,-0.026990723719336973
C,Baseline (mean),3,5.1948373501655585,4.635624999999999,-1.4350910798950811
C,Baseline (mean),4,4.631940927201225,3.4256568987889273,-0.0002443057495054024
C,Baseline (mean),5,3.4792582217128416,2.725448961937717,-0.13734912597948012
C,Baseline (mean),6,8.26560086085583,5.948402897923875,-0.03745876386363767
C,Baseline (mean),7,4.5480090583884145,3.327513748146318,-0.10288511677189804
C,Baseline (mean),8,4.51778115769118,3.383733780276817,-0.0006885985646716275
C,Baseline (mean),9,6.411317410015923,4.982055579584775,-0.05822242804523414
C,Baseline (mean),10,3.5011743556364303,2.9084797794117647,-0.2308403100236951
C,Ridge,1,7.426023241097921,5.553638252378613,0.3968406272789239
C,Ridge,2,8.492702627649765,7.3146170957947865,-3.2731302334549985
C,Ridge,3,3.3771769818331654,2.7013723635472067,-0.02915062497521781
C,Ridge,4,4.33674610731193,3.281464492952379,0.12318482349589
C,Ridge,5,3.360833502390905,2.6703798365281943,-0.06124209788672452
C,Ridge,6,5.006010737109235,3.3108028364037647,0.6194554226080624
C,Ridge,7,3.74497865703138,2.8558908055320607,0.2521985069362068
C,Ridge,8,3.643104432837527,2.77842446664986,0.3492835079758826
C,Ridge,9,4.411177697996277,3.597929404074788,0.4990533102267334
C,Ridge,10,3.1376186268578192,2.440956385021899,0.011504850777299902
C,Lasso,1,7.2954017656573615,4.5343434630391455,0.41787278881446377
C,Lasso,2,4.231818836977587,2.8607496951753344,-0.060983008793628724
C,Lasso,3,3.1363856403310715,2.543140402916283,0.11237359182675266
C,Lasso,4,4.173866236346068,3.1462534457075053,0.18781097422052717
C,Lasso,5,3.2865796597597616,2.6034747180698,-0.01486622683486405
C,Lasso,6,5.0154271574745986,3.345609670541746,0.6180224500896114
C,Lasso,7,3.7126463351101986,2.8542695764034685,0.26505507547143825
C,Lasso,8,3.623822733587028,2.7151243899993345,0.35615331731629896
C,Lasso,9,4.422158269453798,3.610912854892164,0.49655623229650325
C,Lasso,10,3.1227044800360777,2.4350796134944384,0.020879810186267833
C,Elastic Net,1,7.297927795681817,4.53307182491778,0.41746959638292325
C,Elastic Net,2,4.231353345638921,2.8616910123837167,-0.06074960974830668
C,Elastic Net,3,3.131969991872092,2.5403984762086194,0.11487117189467344
C,Elastic Net,4,4.170097142189148,3.1427885593165836,0.18927716147454854
C,Elastic Net,5,3.2460958326631206,2.5731954274255315,0.009981869410128352
C,Elastic Net,6,5.077442154561245,3.365961407145759,0.6085178606523833
C,Elastic Net,7,3.712474366775559,2.854297964493454,0.26512315862087454
C,Elastic Net,8,3.6240946522510384,2.715270992654974,0.3560566897982804
C,Elastic Net,9,4.421791647140465,3.623011528144071,0.4966397055945593
C,Elastic Net,10,3.0696567929017924,2.3985913406006887,0.05386332798888693
C,KNN Regression,1,8.4671378432597,5.089164927274241,0.21586158085572682
C,KNN Regression,2,4.20355806097634,2.9060534651556993,-0.04685949140984813
C,KNN Regression,3,3.6477549307565083,3.089312504968933,-0.20066709135787963
C,KNN Regression,4,4.245933852941891,3.1556296357356053,0.15952168712173465
C,KNN Regression,5,2.899296451216581,2.250482877920078,0.21022074543207925
C,KNN Regression,6,5.81521520137988,3.620386768212475,0.4864844886463019
C,KNN Regression,7,4.099726638419791,2.97518056881451,0.10381548900879523
C,KNN Regression,8,3.962031979432157,2.847717377261579,0.23036550361307628
C,KNN Regression,9,4.5766265967619795,3.6759723345893867,0.46077084531414614
C,KNN Regression,10,2.8506414460272835,2.315565443969031,0.1840577465217056
C,Extra Trees Regression,1,7.203301861578932,4.559135735294118,0.4324779993905904
C,Extra Trees Regression,2,3.9281058786482044,2.465702352941176,0.08584326191140068
C,Extra Trees Regression,3,3.3689748957906587,2.8586836764705925,-0.02415773798566101
C,Extra Trees Regression,4,3.9168661704776637,2.9372857352941195,0.28475055466845844
C,Extra Trees Regression,5,2.5758450719435526,1.9818260294117653,0.3766098293625879
C,Extra Trees Regression,6,4.141300235559016,2.86521294117647,0.7395673569841057
C,Extra Trees Regression,7,3.514112662041526,2.662619558823527,0.3415557709429349
C,Extra Trees Regression,8,3.175972914846447,2.3307251470588235,0.5054591713739727
C,Extra Trees Regression,9,4.356815162072825,3.4644663235294115,0.5113243764586555
C,Extra Trees Regression,10,2.6635795451941107,2.131070294117646,0.2876300758564637
C,Adaptive Boosting (AdaBoost),1,7.211667128703727,4.5721454498219565,0.4311590959571924
C,Adaptive Boosting (AdaBoost),2,3.987204323900896,2.6768807346082935,0.058129320822672415
C,Adaptive Boosting (AdaBoost),3,3.6140057441118048,3.1440331758346822,-0.17855262094053415
C,Adaptive Boosting (AdaBoost),4,4.079996087018282,3.103253222266461,0.22393239238157137
C,Adaptive Boosting (AdaBoost),5,2.9857382682254108,2.362193920102917,0.1624245431584086
C,Adaptive Boosting (AdaBoost),6,4.847841424519851,3.8006172191835645,0.643122806414488
C,Adaptive Boosting (AdaBoost),7,4.646607950337855,3.7185611707189574,-0.1512236326539993
C,Adaptive Boosting (AdaBoost),8,3.795304804565201,3.0465680876754146,0.293776942801648
C,Adaptive Boosting (AdaBoost),9,4.652982296731078,3.9127105185019047,0.4426279261359921
C,Adaptive Boosting (AdaBoost),10,3.852241275913843,3.2187593672524986,-0.4900512080931676
C,Gradient Boosting Regression,1,7.217428754033492,4.582275721349337,0.43024980346476394
C,Gradient Boosting Regression,2,4.451233162947518,3.3057791628763815,-0.17385642669797408
C,Gradient Boosting Regression,3,3.402383948668001,2.7850516347996446,-0.04457094756870994
C,Gradient Boosting Regression,4,4.141243065968574,2.9990476833049367,0.20045758609596653
C,Gradient Boosting Regression,5,2.6601512904672897,1.9387643085493356,0.335135495450003
C,Gradient Boosting Regression,6,4.408304482945235,3.0150979068114045,0.7049027572120676
C,Gradient Boosting Regression,7,3.883383436242516,3.0661258580710693,0.19590348142567837
C,Gradient Boosting Regression,8,3.1901567057887448,2.4776915896075016,0.5010321015615409
C,Gradient Boosting Regression,9,4.898232215872109,3.8072785098534307,0.3823234044733017
C,Gradient Boosting Regression,10,2.958780392749902,2.2844432663425964,0.12097809556830041
C,XGBoost,1,6.796285323555772,4.228767381766264,0.4948007708889538
C,XGBoost,2,4.204965939431137,2.846678815308739,-0.04756084855388831
C,XGBoost,3,3.8974148962621133,3.3211346505669987,-0.37064372604725815
C,XGBoost,4,4.043987777247578,3.033123631196864,0.23757042898796477
C,XGBoost,5,2.5829292093232246,1.9489743717277752,0.37317619556931014
C,XGBoost,6,4.537165204910486,2.934025268063826,0.6873984191243976
C,XGBoost,7,3.7229762739308097,2.871730242476744,0.26095961514962307
C,XGBoost,8,3.0835817360742284,2.427199686625425,0.5338137054749958
C,XGBoost,9,4.349505623887239,3.432058271590401,0.5129627276792581
C,XGBoost,10,2.8186704358530146,2.2614523963367237,0.2022573087335905
C,LightGBM,1,7.410390395914683,4.731633521778173,0.39937742846769786
C,LightGBM,2,4.173444782653225,2.68791980479342,-0.031914316741179505
C,LightGBM,3,3.9028208335908685,3.2928145960080277,-0.37444868551892974
C,LightGBM,4,4.111485192704811,3.148501261531288,0.21190690094985953
C,LightGBM,5,2.653037431921167,2.0087919034486297,0.3386867429525916
C,LightGBM,6,4.39464230402561,3.0060084786542616,0.7067290484244225
C,LightGBM,7,4.140007258258678,3.1915885236664594,0.08611859844705294
C,LightGBM,8,3.23023801590921,2.3803749602071056,0.48841521466657145
C,LightGBM,9,4.648156017908297,3.5154604729473427,0.44378358835625364
C,LightGBM,10,2.7168148431166914,2.198590623318783,0.25887013204381515
C,CatBoost,1,7.765645576346827,4.7589377381723,0.34040917843743557
C,CatBoost,2,4.144938902548978,2.7775289971023938,-0.017865889821726544
C,CatBoost,3,3.199779203604709,2.6709444766124038,0.07612902346160233
C,CatBoost,4,4.0983668009670975,3.060960246941327,0.21692796760729072
C,CatBoost,5,2.583937311241785,1.911984791475723,0.37268680887499694
C,CatBoost,6,3.972935432976162,2.7395733735873136,0.7603127136964444
C,CatBoost,7,3.6277282313746197,2.7953371073428626,0.2982908759672799
C,CatBoost,8,3.1682441038335574,2.3913489115037514,0.5078631980952859
C,CatBoost,9,3.932494995178315,2.981537761412503,0.601875630239179
C,CatBoost,10,2.827462521896994,2.1924740014335526,0.19727285850371645
C,HistGradientBoosting,1,7.416026921827273,4.701138649648106,0.39846338426058026
C,HistGradientBoosting,2,4.212901397940012,2.757286739192547,-0.05151841665174839
C,HistGradientBoosting,3,3.825131631662071,3.2239030828367117,-0.3202739994665602
C,HistGradientBoosting,4,4.10430813750231,3.1269548919186057,0.2146559080161763
C,HistGradientBoosting,5,2.7616367892416904,2.1212735352704484,0.28343829770188467
C,HistGradientBoosting,6,4.595326527481204,3.1987919751363956,0.6793326544736074
C,HistGradientBoosting,7,4.210489686197909,3.2566469152047968,0.05473658447269991
C,HistGradientBoosting,8,3.10941719067146,2.2970341417225915,0.5259691979386663
C,HistGradientBoosting,9,4.538123753021064,3.4295959241198877,0.46980567540826923
C,HistGradientBoosting,10,2.703862757524134,2.1431024148905276,0.26591978141644346
D,Baseline (mean),1,6.7544666448344355,4.0275122639734136,-0.051022898404837536
D,Baseline (mean),2,6.917921035927841,4.449164077963349,-0.11882233970464906
D,Baseline (mean),3,4.347786167340394,3.2970853120360206,-0.08452157118685721
D,Baseline (mean),4,5.847526068568607,3.8679105848204456,-0.05578752757249239
D,Baseline (mean),5,4.691237556149069,3.566673681458604,-0.013941437920692135
D,Baseline (mean),6,5.547769464446115,3.819446381417114,-0.11023795730381747
D,Baseline (mean),7,7.867762505818516,4.638397426217221,-0.11578475237961472
D,Baseline (mean),8,5.495038691979162,3.820144926867333,-0.04106841351577217
D,Baseline (mean),9,5.78300810925402,3.970748790142501,-0.03994664203446385
D,Baseline (mean),10,5.83164536915694,3.8897903128923477,-0.06248638317748201
D,Ridge,1,5.232704137132901,3.1565349148445687,0.369213463542978
D,Ridge,2,5.06110967907221,3.2372690483099187,0.4011729272409622
D,Ridge,3,3.810663030636856,2.9201422132689525,0.16688887296106836
D,Ridge,4,4.481148180103651,3.053101723585226,0.37997271100334806
D,Ridge,5,3.8015376640399463,2.8500786780819847,0.3341803368717652
D,Ridge,6,4.431691891747907,3.0779218919858056,0.2915350367034798
D,Ridge,7,6.350089261957518,3.6572524265820707,0.2731620435354395
D,Ridge,8,4.401364795487864,2.859288070524846,0.33209838853814533
D,Ridge,9,4.215347391139029,2.8997580854344536,0.4474517643158523
D,Ridge,10,4.511032199417381,3.155408000383398,0.36424027095513534
D,Lasso,1,5.307369208312182,3.1713542039988116,0.35108374041449386
D,Lasso,2,5.164453715326894,3.298675658572965,0.37646805606966816
D,Lasso,3,3.8035771902742876,2.911294154416814,0.16998429435346807
D,Lasso,4,4.541543522153545,3.0912595650596875,0.36314706461625224
D,Lasso,5,3.8049363284635636,2.8457033844003807,0.33298928769975533
D,Lasso,6,4.423617970510405,3.074011747471418,0.294114132837204
D,Lasso,7,6.395012145990443,3.6790734801339475,0.26284182571257075
D,Lasso,8,4.404953839155855,2.840388538621401,0.33100867863382755
D,Lasso,9,4.2727497370723455,2.927535237651376,0.43230068971946733
D,Lasso,10,4.518816864477068,3.1534189598317677,0.3620441230606709
D,Elastic Net,1,5.282440543563774,3.166008441954076,0.35716533170500075
D,Elastic Net,2,5.163253370241119,3.297950230427909,0.37675787046884424
D,Elastic Net,3,3.7998542408165332,2.9061097063736243,0.17160834143616632
D,Elastic Net,4,4.521621296931513,3.0782322118149152,0.3687221293889721
D,Elastic Net,5,3.804112676401443,2.8461295475722665,0.333278031183874
D,Elastic Net,6,4.426038872341203,3.080152044649207,0.2933413048006088
D,Elastic Net,7,6.389447862982477,3.676792205341353,0.26412406635449326
D,Elastic Net,8,4.403383957796142,2.8472680091845146,0.33148543725450685
D,Elastic Net,9,4.269178124850813,2.925621679456283,0.4332493782588791
D,Elastic Net,10,4.518547540297669,3.153323683486268,0.36212016589577856
D,KNN Regression,1,5.090191254811511,3.0733177879167357,0.40310456670438255
D,KNN Regression,2,5.281985017543317,3.4819844519317558,0.34776476215998375
D,KNN Regression,3,3.5939057546483824,2.709791809977894,0.25897099053913897
D,KNN Regression,4,4.314316351693072,2.8757706670427052,0.42528018868288187
D,KNN Regression,5,3.8289976789515627,2.7468089092046055,0.3245266368743076
D,KNN Regression,6,4.295548773450955,3.021314779251607,0.3343950109280841
D,KNN Regression,7,6.315810319984247,3.4445808824371436,0.28098807136285797
D,KNN Regression,8,4.003855900861291,2.60597762769446,0.4472934159794787
D,KNN Regression,9,4.292585186130979,2.8650035093701223,0.42701757743769053
D,KNN Regression,10,4.347665743378024,2.9075196101900387,0.4094543763503554
D,Extra Trees Regression,1,3.8132230423426665,2.4836385276371673,0.6650233981048232
D,Extra Trees Regression,2,4.394173248585865,2.8685909319890666,0.548597167344314
D,Extra Trees Regression,3,3.4492132053534985,2.570532606610212,0.3174382898774786
D,Extra Trees Regression,4,3.3150611801825636,2.281855171100318,0.6606754438811863
D,Extra Trees Regression,5,3.4021805591057057,2.471919128137994,0.4667231407284439
D,Extra Trees Regression,6,3.9543000058055453,2.703755993046494,0.4359488484233224
D,Extra Trees Regression,7,4.850405781183958,2.8199301583770184,0.5759333844764587
D,Extra Trees Regression,8,3.289476035376968,2.314504721979657,0.6269292380858018
D,Extra Trees Regression,9,3.480077531983267,2.28680670247129,0.6233991520153203
D,Extra Trees Regression,10,3.967959573925673,2.5366868516414547,0.50810134112486
D,Adaptive Boosting (AdaBoost),1,4.781726336507992,3.122579889017063,0.47325613031219493
D,Adaptive Boosting (AdaBoost),2,5.302556797504665,3.4425855801880676,0.342674339285291
D,Adaptive Boosting (AdaBoost),3,3.677906719777095,2.7208827477128192,0.22392577073021258
D,Adaptive Boosting (AdaBoost),4,4.136587211829456,2.899302017298064,0.47165626253287696
D,Adaptive Boosting (AdaBoost),5,3.6563294196234972,2.674958221875243,0.38407383280781815
D,Adaptive Boosting (AdaBoost),6,4.203335983302851,2.9142373323311985,0.36266543757534486
D,Adaptive Boosting (AdaBoost),7,6.180091955979869,3.5979858584217634,0.3115572784800178
D,Adaptive Boosting (AdaBoost),8,4.041650361222865,2.740014015910244,0.43680960248159295
D,Adaptive Boosting (AdaBoost),9,4.027361825832667,2.674659893287626,0.4956352191382446
D,Adaptive Boosting (AdaBoost),10,4.479783010921272,3.016444381190783,0.37301793543312456
D,Gradient Boosting Regression,1,3.6113699302692166,2.41631049000266,0.6995487532594468
D,Gradient Boosting Regression,2,4.23117647523616,2.7110404301218134,0.5814645899347337
D,Gradient Boosting Regression,3,3.482641714999194,2.5874580186399134,0.30414390275512004
D,Gradient Boosting Regression,4,3.469897181396844,2.2907168230281325,0.6282376486783827
D,Gradient Boosting Regression,5,3.256016069887559,2.4220535780716923,0.5115601370619633
D,Gradient Boosting Regression,6,4.027793692776914,2.808944101926002,0.41478736462724175
D,Gradient Boosting Regression,7,5.292145191020271,2.8106171822312764,0.49517431913883114
D,Gradient Boosting Regression,8,3.411489908181672,2.3956386708795825,0.598739932126998
D,Gradient Boosting Regression,9,3.3102775786771015,2.248618318054089,0.6592528130014697
D,Gradient Boosting Regression,10,3.9541573328434216,2.5101973048864505,0.5115174524621018
D,XGBoost,1,3.434894981686734,2.2744684119571916,0.7281952874488069
D,XGBoost,2,3.821138720564709,2.52758451622843,0.6586534347560266
D,XGBoost,3,3.5732494623534485,2.564455971907306,0.26746477081237063
D,XGBoost,4,3.423050605447576,2.265644876194,0.6382081050229738
D,XGBoost,5,3.0922794347628892,2.2564352468490596,0.5594497158164289
D,XGBoost,6,4.017295573761306,2.7993163661321003,0.4178340079875338
D,XGBoost,7,5.328758892022329,2.805960355122884,0.4881648834442699
D,XGBoost,8,3.1663548793033343,2.205981078529358,0.6543337828718168
D,XGBoost,9,3.1455353753341773,2.1758807394027713,0.6923247219381767
D,XGBoost,10,3.483748264654225,2.4109475491841628,0.6208293687826629
D,LightGBM,1,3.4287488531492896,2.179527904830553,0.7291671087926694
D,LightGBM,2,4.10555127462521,2.713964070054029,0.605948586834149
D,LightGBM,3,3.650527526557997,2.59565335694688,0.2354373175395318
D,LightGBM,4,3.253226151171116,2.2678299816474405,0.6732160609212228
D,LightGBM,5,3.209664123014913,2.3799892875743325,0.5253678014068913
D,LightGBM,6,4.134941735315805,2.886400167888756,0.3832373749718049
D,LightGBM,7,5.460109444129039,2.847580312086285,0.4626210699748212
D,LightGBM,8,3.147314397479401,2.250143614110143,0.6584785250773414
D,LightGBM,9,3.1968567916106014,2.267461083850462,0.682202981893488
D,LightGBM,10,3.6305890817611908,2.4868173594233447,0.5881914537167146
D,CatBoost,1,3.7114559557689795,2.364647693511034,0.6826644864353033
D,CatBoost,2,3.9361403822613354,2.6429018768398516,0.6377977976434435
D,CatBoost,3,3.2067590613091754,2.4132068992818487,0.41002378573132514
D,CatBoost,4,3.259043069301086,2.198047242651077,0.6720464067024363
D,CatBoost,5,3.098564666473262,2.3396098494903943,0.5576570093623959
D,CatBoost,6,3.885292114156415,2.7227964968616507,0.45546398010295375
D,CatBoost,7,5.4118620007154625,2.846106607772467,0.47207604850282203
D,CatBoost,8,3.5506620498478005,2.3740184128409774,0.5653332327397428
D,CatBoost,9,3.3648156075602054,2.2499532036128684,0.6479324533464268
D,CatBoost,10,3.595291273401842,2.407856915419765,0.5961600104311191
D,HistGradientBoosting,1,3.537619667892235,2.220020230616982,0.7116948934697812
D,HistGradientBoosting,2,4.223219880966928,2.6661390216404826,0.5830371952727786
D,HistGradientBoosting,3,3.8110443917007295,2.6130497123435186,0.16672211350673038
D,HistGradientBoosting,4,3.289298588719079,2.227691820673201,0.6659289889686639
D,HistGradientBoosting,5,3.0909564991782634,2.304287081495413,0.5598265866584251
D,HistGradientBoosting,6,4.128488426289111,2.8327436300590807,0.38516100736993186
D,HistGradientBoosting,7,5.3800425271542665,2.83450905268883,0.47826574027789903
D,HistGradientBoosting,8,3.049888651812083,2.201872005775587,0.6792950017816946
D,HistGradientBoosting,9,3.191283465466129,2.254547017539893,0.6833100959259822
D,HistGradientBoosting,10,3.740064270447801,2.4478962421675607,0.5629820339622842
