date,observed,predicted,residual,vz_day
2022-08-04,2.39,8.09486564956557,-5.704865649565569,0
2022-08-05,2.48,4.115504738191171,-1.635504738191171,0
2022-08-06,2.02,4.324711970735262,-2.3047119707352617,0
2022-08-07,6.37,6.274315255706108,0.09568474429389173,0
2022-08-08,16.73,8.301657330832533,8.428342669167467,0
2022-08-09,15.07,12.141032460102332,2.928967539897668,0
2022-08-10,13.46,13.555967189571316,-0.095967189571315,0
2022-08-11,6.83,8.779252084912908,-1.9492520849129082,0
2022-08-12,7.72,12.264762400864287,-4.544762400864287,0
2022-08-13,12.4,8.648619830274768,3.7513801697252322,0
2022-08-14,5.18,8.871553253919377,-3.691553253919377,0
2022-08-15,2.62,5.243185516370714,-2.6231855163707136,0
2022-08-16,3.66,6.116950064837959,-2.456950064837959,0
2022-08-17,7.23,6.001237673813112,1.2287623261868887,0
2022-08-18,4.88,6.4377463846816205,-1.5577463846816206,0
2022-08-19,2.99,4.112196146816798,-1.1221961468167976,0
2022-08-20,3.4,8.731338952045041,-5.331338952045041,0
2022-08-21,4.11,6.933977371529844,-2.8239773715298435,0
2022-08-22,7.35,5.86806048137849,1.4819395186215099,0
2022-08-23,3.82,5.54632906564524,-1.7263290656452406,0
2022-08-24,3.61,3.711518512775272,-0.10151851277527202,0
2022-08-25,3.29,5.745033189294636,-2.455033189294636,0
2022-08-26,7.2,8.237296520490174,-1.037296520490174,0
2022-08-27,12.53,7.400176481398653,5.129823518601347,0
2022-08-28,5.74,5.665470796035816,0.07452920396418428,0
2022-08-29,2.55,7.579604667722318,-5.029604667722318,0
2022-08-30,7.66,9.251739516283529,-1.5917395162835284,0
2022-08-31,8.96,10.274018418841619,-1.3140184188416182,0
2022-09-01,14.05,10.154121365696104,3.8958786343038962,0
2022-09-02,14.68,9.847595897990022,4.832404102009978,0
2022-09-03,15.24,11.051140217526786,4.188859782473214,0
2022-09-04,12.3,8.277580305011497,4.022419694988503,0
2022-09-05,8.9,10.850548638877525,-1.9505486388775246,0
2022-09-06,9.88,10.873918539502162,-0.993918539502161,0
2022-09-07,4.97,9.064099754077777,-4.094099754077777,0
2022-09-08,7.39,7.843212943455641,-0.45321294345564134,0
2022-09-09,8.67,8.360585740597125,0.3094142594028746,0
2022-09-10,5.58,10.50553405732282,-4.925534057322819,0
2022-09-11,8.88,7.01967261956519,1.8603273804348106,0
2022-09-12,3.3,6.349301657324868,-3.049301657324868,0
2022-09-13,4.44,6.68836819023271,-2.2483681902327097,0
2022-09-14,2.72,3.7401594892744203,-1.0201594892744201,0
2022-09-15,4.1,4.4628220170741795,-0.3628220170741798,0
2022-09-16,2.99,3.6646844746091043,-0.6746844746091041,0
2022-09-17,2.84,3.487548432149717,-0.6475484321497174,0
2022-09-18,3.53,5.363485912378769,-1.833485912378769,0
2022-09-19,6.24,6.923301567439157,-0.6833015674391572,0
2022-09-20,5.92,7.020644616668303,-1.100644616668303,0
2022-09-21,6.46,6.908754571060944,-0.4487545710609444,0
2022-09-22,6.93,7.408500592206751,-0.47850059220675156,0
2022-09-23,7.44,6.853335360515494,0.5866646394845061,0
2022-09-24,10.58,8.981098678627895,1.5989013213721055,0
2022-09-25,16.22,11.707808794764885,4.512191205235114,0
2022-09-26,12.25,8.64904711773626,3.6009528822637407,0
2022-09-27,4.3,7.342502903125897,-3.0425029031258974,0
2022-09-28,2.08,5.225459332305497,-3.1454593323054967,0
2022-09-29,2.47,4.38959779852375,-1.9195977985237502,0
2022-09-30,3.81,4.7484523489202015,-0.9384523489202015,0
2022-10-01,4.62,5.64545445986483,-1.0254544598648296,0
2022-10-02,7.18,4.061377060071167,3.1186229399288328,0
2022-10-03,6.44,3.164114848038645,3.275885151961355,0
2022-10-04,5.5,4.334277032475697,1.165722967524303,0
2022-10-05,13.9,12.776289386389303,1.1237106136106974,1
2022-10-06,21.49,14.575984810891068,6.91401518910893,1
2022-10-07,12.52,9.185525344295609,3.3344746557043905,1
2022-10-08,9.33,8.325872206229077,1.0041277937709232,1
2022-10-09,4.23,6.958333088598023,-2.7283330885980224,0
2022-10-10,5.18,6.900039592821846,-1.7200395928218466,0
2022-10-11,10.22,13.885747788360682,-3.6657477883606813,1
2022-10-12,15.48,14.871294338699979,0.6087056613000215,1
2022-10-13,5.75,10.33233870829918,-4.582338708299179,0
2022-10-14,13.26,12.67808813237785,0.58191186762215,0
2022-10-15,22.03,11.596129619260934,10.433870380739068,0
2022-10-16,21.46,7.2946612372556885,14.165338762744312,0
2022-10-17,6.3,7.146460122810405,-0.846460122810405,0
2022-10-18,8.82,6.367167593718413,2.452832406281587,0
2022-10-19,6.73,6.603120921808317,0.1268790781916831,0
2022-10-20,9.43,5.145174659210989,4.284825340789011,0
2022-10-21,6.93,8.06133006665532,-1.1313300666553197,0
2022-10-22,10.18,8.04022731319685,2.13977268680315,0
2022-10-23,3.41,4.566569710374653,-1.1565697103746526,0
2022-10-24,13.46,13.814941189062584,-0.35494118906258265,1
2022-10-25,10.32,12.440333769857334,-2.120333769857334,1
2022-10-26,6.03,8.0642070604175,-2.0342070604174998,0
2022-10-27,1.32,3.02228720880865,-1.7022872088086498,0
2022-10-28,4.89,6.073895308063611,-1.1838953080636117,0
2022-10-29,11.77,9.99603292368373,1.7739670763162696,0
2022-10-30,20.96,11.582398880856815,9.377601119143186,0
2022-10-31,10.8,6.443401858758918,4.356598141241083,0
2022-11-01,7.32,8.377782571378482,-1.0577825713784819,0
2022-11-02,6.82,7.014860057903208,-0.19486005790320782,0
2022-11-03,4.68,6.4802792971108705,-1.8002792971108708,0
2022-11-04,7.32,8.391946378593035,-1.0719463785930348,0
2022-11-05,3.5,4.288982895424228,-0.788982895424228,0
2022-11-06,3.53,3.6142168053813073,-0.08421680538130749,0
2022-11-07,10.4,8.633492590012091,1.7665074099879092,0
2022-11-08,7.65,7.194730382794754,0.4552696172052464,0
2022-11-09,3.25,2.859907808036157,0.39009219196384315,0
2022-11-10,2.14,3.620380090318501,-1.480380090318501,0
2022-11-11,2.06,4.961518688429491,-2.901518688429491,0
2022-11-12,1.64,2.6001385344411894,-0.9601385344411895,0
2022-11-13,1.88,3.4390737663831663,-1.5590737663831664,0
2022-11-14,4.08,2.883626437821545,1.1963735621784553,0
2022-11-15,1.2,3.8922964095724844,-2.692296409572484,0
2022-11-16,1.13,1.4283328524576815,-0.2983328524576816,0
2022-11-17,2.88,3.0582793524024376,-0.17827935240243775,0
2022-11-18,8.96,13.613957828651127,-4.6539578286511265,1
2022-11-19,9.4,12.298656260195546,-2.898656260195546,0
2022-11-20,5.08,12.884534175412774,-7.804534175412774,0
2022-11-21,9.63,13.539673462571749,-3.9096734625717477,0
2022-11-22,5.8,5.991559364121418,-0.19155936412141816,0
2022-11-23,3.56,9.823482087162578,-6.263482087162577,0
2022-11-24,4.36,9.049421671374795,-4.689421671374794,0
2022-11-25,2.96,1.7735741006875037,1.1864258993124963,0
2022-11-26,5.51,6.1897315742739725,-0.6797315742739727,0
2022-11-27,7.38,8.566379875544971,-1.1863798755449713,0
2022-11-28,3.56,5.841327882187188,-2.281327882187188,0
2022-11-29,8.15,4.820307969139301,3.3296920308606994,0
2022-11-30,12.34,6.340844079730593,5.9991559202694065,0
2022-12-01,11.35,3.176904322653865,8.173095677346135,0
2022-12-02,5.71,3.8882398913109064,1.8217601086890935,0
2022-12-03,4.71,4.938354860698891,-0.22835486069889122,0
2022-12-04,5.1,8.814793351851302,-3.714793351851302,1
2022-12-05,34.53,24.226809402829797,10.303190597170204,1
2022-12-06,29.82,23.309707861367144,6.510292138632856,1
2022-12-07,18.87,28.194767654800376,-9.324767654800375,1
2022-12-08,16.37,22.417204311832357,-6.047204311832356,1
2022-12-09,13.97,10.905932531925597,3.0640674680744038,0
2022-12-10,6.54,7.907728518423955,-1.367728518423955,0
2022-12-11,11.76,11.5639657552458,0.19603424475420006,0
2022-12-12,14.58,14.637085537097722,-0.057085537097721684,0
2022-12-13,5.02,8.82135540876414,-3.80135540876414,0
2022-12-14,1.0,5.333759757854892,-4.333759757854892,0
2022-12-15,0.72,9.698809267460646,-8.978809267460646,1
2022-12-16,13.08,15.729391535659495,-2.649391535659495,1
2022-12-17,20.35,13.226047989839294,7.123952010160707,1
2022-12-18,31.32,25.50502481352851,5.814975186471489,1
2022-12-19,19.7,13.918852947169027,5.781147052830972,1
2022-12-20,10.82,12.255463231312463,-1.435463231312463,0
2022-12-21,6.69,2.136042435993547,4.553957564006454,0
2022-12-22,4.08,4.7567731330757255,-0.6767731330757254,1
2022-12-23,6.39,7.543039265814174,-1.153039265814174,0
2022-12-24,6.78,5.906808645574612,0.873191354425388,0
2022-12-25,17.76,14.389964954649507,3.3700350453504946,1
2022-12-26,29.06,18.24036120891315,10.819638791086849,1
2022-12-27,13.74,14.810481449529904,-1.070481449529904,1
2022-12-28,14.1,13.696028612039902,0.4039713879600981,1
2022-12-29,23.76,10.585333320522835,13.174666679477166,0
2022-12-30,5.0,5.512827553531684,-0.5128275535316842,0
2022-12-31,3.7,5.460125032620197,-1.7601250326201967,0
2023-01-01,3.06,3.8052760340100953,-0.7452760340100952,0
2023-01-02,3.44,5.546281577338032,-2.106281577338032,0
2023-01-03,1.6,2.57728590856215,-0.9772859085621497,0
2023-01-04,1.38,1.6837200635672325,-0.3037200635672326,0
2023-01-05,3.77,5.754008948642715,-1.9840089486427153,0
2023-01-06,4.3,3.0521532824448094,1.2478467175551904,0
2023-01-07,2.04,2.7766416819891804,-0.7366416819891803,0
2023-01-08,2.25,4.763621077897108,-2.513621077897108,0
2023-01-09,4.4,4.525276704084936,-0.12527670408493563,0
2023-01-10,12.06,14.54258270259935,-2.48258270259935,0
2023-01-11,7.69,6.986144039793305,0.7038559602066954,0
2023-01-12,5.86,6.782260700624096,-0.9222607006240953,0
2023-01-13,6.2,6.288330506039497,-0.08833050603949655,0
2023-01-14,6.76,6.101886376522765,0.6581136234772345,0
2023-01-15,6.62,6.754387659200394,-0.13438765920039408,0
2023-01-16,16.88,9.449765471843499,7.4302345281565,0
2023-01-17,26.25,42.182776105282656,-15.932776105282656,1
2023-01-18,63.62,27.657693932520075,35.96230606747992,1
2023-01-19,48.67,34.87744937529334,13.792550624706664,1
2023-01-20,21.53,20.118743235726413,1.4112567642735883,0
2023-01-21,16.73,32.42836191925927,-15.698361919259266,0
2023-01-22,13.23,12.37298881703012,0.857011182969881,0
2023-01-23,10.6,9.334898704109063,1.2651012958909362,0
2023-01-24,10.16,12.504137097332126,-2.3441370973321263,1
2023-01-25,6.84,10.927424926780304,-4.0874249267803044,1
2023-01-26,9.84,10.750219052549912,-0.9102190525499125,0
2023-01-27,8.71,8.471273896401451,0.23872610359854995,0
2023-01-28,15.14,11.657108602099775,3.482891397900225,0
2023-01-29,15.39,11.759237135189496,3.630762864810505,0
2023-01-30,29.78,32.053550300670416,-2.273550300670415,1
2023-01-31,43.14,31.747426630281723,11.392573369718278,1
2023-02-01,14.66,15.510367375536054,-0.8503673755360541,1
2023-02-02,5.23,7.285290164079656,-2.055290164079656,0
2023-02-03,3.99,5.6965394364766695,-1.7065394364766693,0
2023-02-04,6.9,5.938652708397777,0.9613472916022232,0
2023-02-05,10.76,19.304282667222747,-8.544282667222747,0
2023-02-06,13.67,11.70050350925605,1.9694964907439498,0
2023-02-07,5.71,9.209927204875102,-3.4999272048751022,0
2023-02-08,10.17,11.454509592222113,-1.284509592222113,0
2023-02-09,2.98,4.585470540758219,-1.6054705407582186,0
2023-02-10,13.23,13.599083467694488,-0.3690834676944874,0
2023-02-11,6.26,9.598868353448882,-3.3388683534488823,0
2023-02-12,8.79,8.353302842833923,0.43669715716607627,0
2023-02-13,18.61,16.214708151474433,2.3952918485255665,1
2023-02-14,22.99,18.613940861173383,4.376059138826616,1
2023-02-15,17.21,12.67594323008786,4.534056769912141,1
2023-02-16,15.03,9.190879756609224,5.839120243390775,1
2023-02-17,8.6,9.043526662452106,-0.4435266624521059,0
2023-02-18,6.7,6.624087247677016,0.07591275232298411,0
2023-02-19,12.75,8.936738388151902,3.813261611848098,1
2023-02-20,6.81,12.210685677607316,-5.400685677607316,0
2023-02-21,12.22,10.665501546333898,1.5544984536661026,0
2023-02-22,15.72,8.849468345164603,6.870531654835398,0
2023-02-23,5.58,9.278755674434437,-3.6987556744344374,0
2023-02-24,5.75,5.9607844005633455,-0.21078440056334546,0
2023-02-25,5.19,4.9693482687036985,0.2206517312963019,0
2023-02-26,8.75,9.112940031601935,-0.36294003160193533,0
2023-02-27,15.56,14.73064986528869,0.8293501347113104,0
2023-02-28,15.31,10.567410720524146,4.742589279475855,0
2023-03-01,15.05,9.463838247966619,5.586161752033382,0
2023-03-02,15.05,6.960343440487073,8.089656559512928,0
2023-03-03,2.89,6.527073551567641,-3.637073551567641,0
2023-03-04,7.79,10.891414889860538,-3.1014148898605383,0
2023-03-05,13.98,13.678068460466456,0.3019315395335447,0
2023-03-06,4.8,6.202215176476061,-1.4022151764760613,0
2023-03-07,10.24,16.160657649317827,-5.9206576493178265,0
2023-03-08,4.67,7.0816702474134665,-2.4116702474134666,0
2023-03-09,11.1,19.50267488459702,-8.40267488459702,0
2023-03-10,14.46,12.401169585521373,2.058830414478628,0
2023-03-11,16.67,15.5413198367427,1.128680163257302,0
2023-03-12,9.04,7.828724365652262,1.2112756343477376,0
2023-03-13,7.3,7.974105642140813,-0.6741056421408134,0
2023-03-14,18.8,21.652289522860478,-2.8522895228604774,0
2023-03-15,8.85,7.102610301294225,1.7473896987057742,0
2023-03-16,7.57,5.467335087884987,2.1026649121150136,0
2023-03-17,4.53,7.618524670391807,-3.0885246703918066,0
2023-03-18,10.67,9.539264035033339,1.1307359649666608,0
2023-03-19,9.99,6.05268102061056,3.93731897938944,0
2023-03-20,3.76,8.705644887124182,-4.945644887124182,0
2023-03-21,17.5,22.915894424433123,-5.415894424433123,0
2023-03-22,24.26,21.169540500773678,3.0904594992263235,0
2023-03-23,30.75,20.285119598274747,10.464880401725253,0
2023-03-24,44.31,34.06829322430167,10.241706775698333,0
2023-03-25,46.53,29.37535357278836,17.15464642721164,0
2023-03-26,18.6,25.66882254924258,-7.068822549242579,0
2023-03-27,26.5,23.385216544603885,3.1147834553961147,1
2023-03-28,20.51,16.241931541177983,4.268068458822018,1
2023-03-29,16.85,13.027927492638538,3.8220725073614634,0
2023-03-30,3.85,9.185061599575109,-5.335061599575109,0
2023-03-31,4.78,6.636520310403478,-1.8565203104034778,0
2023-04-01,3.63,4.3364323778375695,-0.7064323778375696,0
2023-04-02,4.38,5.586768286960966,-1.2067682869609664,0
2023-04-03,4.52,5.666234482101208,-1.1462344821012085,0
2023-04-04,9.94,7.784801581123187,2.1551984188768127,0
2023-04-05,9.14,9.908842685902084,-0.7688426859020829,0
2023-04-06,9.79,12.56524533355421,-2.77524533355421,0
2023-04-07,13.43,9.65773834612711,3.7722616538728904,0
2023-04-08,7.28,8.16901802416856,-0.8890180241685597,0
2023-04-09,10.68,13.655330850353334,-2.975330850353334,0
2023-04-10,7.43,11.131834109602055,-3.7018341096020553,0
2023-04-11,5.89,10.402512392185876,-4.512512392185877,0
2023-04-12,7.77,14.232700343832054,-6.462700343832054,0
2023-04-13,7.89,9.199076358539267,-1.3090763585392677,0
2023-04-14,12.15,9.607600292713855,2.5423997072861457,0
2023-04-15,4.92,10.650253984911576,-5.730253984911576,0
2023-04-16,8.69,10.74336314916826,-2.053363149168261,0
2023-04-17,11.74,9.4526076064254,2.287392393574601,0
2023-04-18,14.08,9.160740533592287,4.919259466407713,0
2023-04-19,14.35,10.191652511610684,4.158347488389316,0
2023-04-20,20.56,9.740439911241603,10.819560088758395,0
2023-04-21,11.62,11.966798091541062,-0.34679809154106245,0
2023-04-22,16.57,12.024389196434793,4.545610803565207,0
2023-04-23,7.1,10.295613581196971,-3.1956135811969713,0
2023-04-24,8.31,9.390823249691545,-1.0808232496915444,0
2023-04-25,6.26,9.825510896952897,-3.5655108969528975,0
2023-04-26,4.0,9.061882713576454,-5.061882713576454,0
2023-04-27,8.74,11.833613125312494,-3.093613125312494,0
2023-04-28,10.58,10.724031994772234,-0.14403199477223438,0
2023-04-29,13.41,7.906467585287672,5.503532414712328,0
2023-04-30,9.1,7.392246028377642,1.707753971622358,0
2023-05-01,11.46,12.589507339428332,-1.129507339428331,0
2023-05-02,7.74,8.660652590057373,-0.9206525900573723,0
2023-05-03,10.45,9.742989117703166,0.7070108822968333,0
2023-05-04,9.54,9.955572110323873,-0.41557211032387364,0
2023-05-05,9.82,10.64640310274236,-0.8264031027423595,0
2023-05-06,7.6,8.465771752672829,-0.8657717526728295,0
2023-05-07,6.15,9.498006654071139,-3.3480066540711384,0
2023-05-08,7.86,11.481463261977906,-3.6214632619779055,0
2023-05-09,14.38,12.030216240266938,2.3497837597330626,0
2023-05-10,31.8,11.297471609466946,20.502528390533055,0
2023-05-11,14.48,10.71395683431791,3.76604316568209,0
2023-05-12,25.04,9.678273680917343,15.361726319082656,0
2023-05-13,14.0,11.078615227876725,2.9213847721232753,0
2023-05-14,7.37,9.017461171579903,-1.647461171579903,0
2023-05-15,8.2,10.752543810708119,-2.5525438107081193,0
2023-05-16,16.44,7.646038779907679,8.793961220092323,0
2023-05-17,18.34,9.528720789096282,8.811279210903718,0
2023-05-18,9.05,12.19950696871254,-3.14950696871254,0
2023-05-19,8.49,9.496028091684359,-1.0060280916843585,0
2023-05-20,4.85,6.481027594539752,-1.631027594539752,0
2023-05-21,4.56,9.41032917165141,-4.850329171651411,0
2023-05-22,8.58,9.39609275992421,-0.81609275992421,0
2023-05-23,14.62,10.65640069704887,3.9635993029511294,0
2023-05-24,12.2,10.608028378501706,1.5919716214982937,0
2023-05-25,9.84,12.651852121450833,-2.8118521214508334,0
2023-05-26,28.88,12.303114135535923,16.576885864464074,0
2023-05-27,4.95,7.785643197669802,-2.8356431976698016,0
2023-05-28,7.72,9.407257975028106,-1.687257975028106,0
2023-05-29,11.18,8.415163047199611,2.7648369528003887,0
2023-05-30,17.55,12.801590242952404,4.748409757047597,0
2023-05-31,15.35,12.572002912191103,2.777997087808897,0
2023-06-01,5.86,9.830526236999978,-3.9705262369999774,0
2023-06-02,6.55,7.952605884945004,-1.4026058849450038,0
2023-06-03,7.12,6.486861353424807,0.6331386465751931,0
2023-06-04,4.48,7.250530629193015,-2.770530629193015,0
2023-06-05,5.28,7.771042708137191,-2.491042708137191,0
2023-06-06,10.41,9.184666386061103,1.225333613938897,0
2023-06-07,11.78,9.22495092345032,2.555049076549679,0
2023-06-08,6.53,10.124232720199483,-3.594232720199483,0
2023-06-09,19.43,15.930194196275988,3.499805803724012,0
2023-06-10,12.96,12.392618659764821,0.5673813402351797,0
2023-06-11,14.14,10.872070900867985,3.267929099132015,0
2023-06-12,12.35,13.34022532847407,-0.9902253284740699,0
2023-06-13,8.53,11.055528289419236,-2.5255282894192366,0
2023-06-14,11.77,8.714321326872868,3.0556786731271313,0
2023-06-15,10.35,10.501851457612185,-0.15185145761218521,0
2023-06-16,11.07,11.086743550732534,-0.016743550732533308,0
2023-06-17,10.43,9.310696751690672,1.1193032483093273,0
2023-06-18,11.2,10.029086475592592,1.170913524407407,0
2023-06-19,9.2,8.939314395266043,0.26068560473395586,0
2023-06-20,6.01,9.788722748506158,-3.7787227485061585,0
2023-06-21,10.55,7.614815117799713,2.9351848822002875,0
2023-06-22,9.09,10.095678108409585,-1.005678108409585,0
2023-06-23,12.53,10.62146107052569,1.9085389294743091,0
2023-06-24,14.15,11.73266040880793,2.4173395911920696,0
2023-06-25,14.69,10.079159511688633,4.610840488311366,0
2023-06-26,11.51,10.562610803779927,0.9473891962200724,0
2023-06-27,7.98,8.76242523322891,-0.7824252332289099,0
2023-06-28,6.57,10.805045343419577,-4.235045343419577,0
2023-06-29,10.58,9.50109723981226,1.0789027601877397,0
2023-06-30,11.03,10.410884060218843,0.6191159397811568,0
2023-07-01,10.54,9.45214878188127,1.087851218118729,0
2023-07-02,5.15,6.528555140940972,-1.3785551409409713,0
2023-07-03,4.63,6.566286180424467,-1.9362861804244673,0
2023-07-04,11.19,9.240346732412371,1.9496532675876281,0
2023-07-05,8.9,8.974482866538159,-0.07448286653815828,0
2023-07-06,9.11,7.899784636713089,1.2102153632869106,0
2023-07-07,10.77,10.952125952206657,-0.18212595220665762,0
2023-07-08,10.25,9.346606296808414,0.9033937031915862,0
2023-07-09,8.63,8.803883103475677,-0.17388310347567604,0
2023-07-10,8.35,8.83641927628813,-0.48641927628812986,0
2023-07-11,10.01,10.255039532460676,-0.24503953246067667,0
2023-07-12,10.78,8.449854241917082,2.3301457580829172,0
2023-07-13,8.62,7.974184795408679,0.6458152045913206,0
2023-07-14,5.44,4.91493941600212,0.5250605839978801,0
2023-07-15,5.98,6.123388762163111,-0.14338876216311025,0
2023-07-16,6.73,7.724094302751414,-0.9940943027514137,0
2023-07-17,6.14,8.2888791108406,-2.1488791108406007,0
2023-07-18,6.22,6.776962470341081,-0.5569624703410812,0
2023-07-19,6.45,8.286481429931696,-1.8364814299316956,0
2023-07-20,7.85,7.3680304018146145,0.4819695981853851,0
2023-07-21,8.54,8.400801564550727,0.13919843544927168,0
2023-07-22,7.3,8.910275684421219,-1.610275684421219,0
2023-07-23,6.54,9.274960687146315,-2.734960687146315,0
2023-07-24,7.06,8.147872073040515,-1.0878720730405158,0
2023-07-25,6.63,6.641646360520441,-0.01164636052044088,0
2023-07-26,6.9,5.673067507777827,1.226932492222173,0
2023-07-27,9.38,6.622085005499974,2.7579149945000268,0
2023-07-28,7.98,9.332108445385273,-1.352108445385273,0
2023-07-29,8.25,7.816499491564191,0.43350050843580856,0
2023-07-30,9.42,7.924599523914968,1.495400476085032,0
2023-07-31,5.83,6.458590534463658,-0.6285905344636582,0
2023-08-01,7.29,7.290350574514139,-0.00035057451413855745,0
2023-08-02,9.4,7.821956131311142,1.5780438686888587,0
2023-08-03,9.08,9.03481289206576,0.045187107934239634,0
2023-08-04,7.06,8.119905597886472,-1.0599055978864724,0
2023-08-05,7.46,7.441153371748983,0.01884662825101735,0
2023-08-06,6.91,8.367283017312873,-1.4572830173128732,0
2023-08-07,7.7,8.425919155900095,-0.7259191559000948,0
2023-08-08,6.76,6.459807609604083,0.3001923903959165,0
2023-08-09,7.41,8.807925915338739,-1.397925915338739,0
2023-08-10,7.85,11.912941888307312,-4.0629418883073125,0
2023-08-11,9.6,8.12842248489007,1.4715775151099297,0
2023-08-12,5.05,8.351833799847546,-3.3018337998475458,0
2023-08-13,7.42,7.599224516084949,-0.1792245160849495,0
2023-08-14,7.16,6.657837318240658,0.5021626817593425,0
2023-08-15,10.34,8.999109608171791,1.340890391828209,0
2023-08-16,11.84,8.37374386879653,3.466256131203469,0
2023-08-17,7.99,8.979195426118583,-0.9891954261185827,0
2023-08-18,9.12,11.282446542675878,-2.1624465426758785,0
2023-08-19,8.23,9.737311859672609,-1.5073118596726083,0
2023-08-20,7.26,7.896381759471005,-0.6363817594710053,0
2023-08-21,8.98,8.234426256763705,0.7455737432362959,0
2023-08-22,6.21,8.716060910046135,-2.506060910046135,0
2023-08-23,8.51,7.5823069087650055,0.9276930912349943,0
2023-08-24,8.6,8.617935518556965,-0.017935518556965846,0
2023-08-25,8.2,8.502547664010487,-0.30254766401048805,0
2023-08-26,12.1,9.099964225447945,3.000035774552055,0
2023-08-27,8.82,9.834932630280663,-1.0149326302806632,0
2023-08-28,8.67,7.902096762560293,0.7679032374397066,0
2023-08-29,7.62,7.953370196071865,-0.3333701960718649,0
2023-08-30,7.62,8.756234345090126,-1.1362343450901262,0
2023-08-31,10.49,8.5387462918238,1.9512537081761998,0
2023-09-01,13.5,7.360800437604105,6.139199562395895,0
2023-09-02,8.81,9.107744961250118,-0.2977449612501175,0
2023-09-03,7.17,8.842234754609539,-1.6722347546095389,0
2023-09-04,4.7,7.152642199192834,-2.4526421991928338,0
2023-09-05,4.66,7.573261441019897,-2.9132614410198965,0
2023-09-06,9.0,6.441224348926209,2.558775651073791,0
2023-09-07,10.53,8.526918308207481,2.0030816917925183,0
2023-09-08,12.67,11.036078558450317,1.633921441549683,0
2023-09-09,6.38,8.52169957248452,-2.1416995724845203,0
2023-09-10,6.74,7.393240463632573,-0.6532404636325726,0
2023-09-11,10.09,8.20459033728961,1.8854096627103907,0
2023-09-12,4.88,7.046403461626924,-2.166403461626924,0
2023-09-13,5.55,4.71572324332171,0.8342767566782898,0
2023-09-14,9.22,7.246609835087515,1.9733901649124856,0
2023-09-15,7.58,8.864514810440587,-1.2845148104405872,0
2023-09-16,9.23,8.960523020144029,0.2694769798559715,0
2023-09-17,11.03,8.349443445150714,2.680556554849286,0
2023-09-18,8.75,8.45534928142416,0.2946507185758396,0
2023-09-19,7.33,8.446063371811501,-1.1160633718115012,0
2023-09-20,11.47,10.82462762116485,0.64537237883515,0
2023-09-21,13.31,10.094306785629142,3.2156932143708588,0
2023-09-22,6.19,7.949389215670546,-1.759389215670546,0
2023-09-23,4.19,6.452895186505483,-2.2628951865054825,0
2023-09-24,3.79,6.872382843874821,-3.0823828438748206,0
2023-09-25,5.1,6.532035206039408,-1.4320352060394086,0
2023-09-26,8.88,8.305346956246748,0.5746530437532531,0
2023-09-27,11.06,10.30641410948356,0.7535858905164403,0
2023-09-28,8.67,8.977257685229915,-0.30725768522991537,0
2023-09-29,12.22,9.644038468612377,2.575961531387623,0
2023-09-30,14.06,11.438837656629863,2.6211623433701376,0
2023-10-01,10.75,9.199103068234153,1.5508969317658465,0
2023-10-02,7.07,6.790914890907773,0.27908510909222706,0
2023-10-03,5.76,5.716973738622292,0.04302626137770815,0
2023-10-04,7.34,8.498291951270836,-1.1582919512708365,0
2023-10-05,7.44,11.434237396524448,-3.994237396524448,0
2023-10-06,5.04,7.936370483764079,-2.8963704837640787,0
2023-10-07,10.93,11.670666933488352,-0.7406669334883524,0
2023-10-08,12.22,8.770941635991958,3.4490583640080423,0
2023-10-09,10.97,7.536303413850616,3.4336965861493844,0
2023-10-10,9.78,7.6519108953466795,2.12808910465332,0
2023-10-11,6.41,5.869557350198506,0.540442649801494,0
2023-10-12,3.18,7.504089118935962,-4.324089118935962,0
2023-10-13,5.43,9.220993418910696,-3.7909934189106966,0
2023-10-14,5.6,6.775138041871749,-1.1751380418717492,0
2023-10-15,6.96,4.734142113252314,2.2258578867476864,0
2023-10-16,8.49,7.335424333403148,1.1545756665968518,0
2023-10-17,11.23,9.003883182156747,2.2261168178432538,0
2023-10-18,6.95,11.762923575993621,-4.812923575993621,0
2023-10-19,5.04,8.863776459188188,-3.8237764591881875,0
2023-10-20,4.52,8.865397247552728,-4.345397247552729,0
2023-10-21,5.83,6.9906207808881975,-1.1606207808881974,0
2023-10-22,7.68,7.699482443435111,-0.019482443435110852,0
2023-10-23,1.78,4.110969421654598,-2.330969421654598,0
2023-10-24,3.04,5.077735127610616,-2.037735127610616,0
2023-10-25,6.52,6.796353961752139,-0.27635396175213955,0
2023-10-26,6.94,4.34995363955974,2.590046360440261,0
2023-10-27,5.29,5.084480974779795,0.20551902522020526,0
2023-10-28,9.04,8.549200448316038,0.4907995516839616,0
2023-10-29,6.43,6.242681458326333,0.18731854167366713,0
2023-10-30,6.05,5.688309948653408,0.36169005134659216,0
2023-10-31,2.3,2.2352166398329034,0.0647833601670964,0
2023-11-01,2.65,3.2633337816106662,-0.6133337816106663,0
2023-11-02,5.1,3.339753917611108,1.7602460823888917,0
2023-11-03,6.1,10.433615899642106,-4.333615899642107,0
2023-11-04,10.61,7.23549530553951,3.374504694460489,0
2023-11-05,6.27,8.801058283114369,-2.531058283114369,0
2023-11-06,5.63,10.52793225985065,-4.897932259850649,1
2023-11-07,10.49,15.50946664259752,-5.01946664259752,1
2023-11-08,6.73,7.720269539312685,-0.9902695393126848,0
2023-11-09,5.03,6.81896013684969,-1.7889601368496901,0
2023-11-10,3.16,3.4735786719442068,-0.31357867194420663,0
2023-11-11,7.89,6.2563469130912415,1.6336530869087582,0
2023-11-12,2.61,4.119253527345341,-1.5092535273453414,0
2023-11-13,2.68,2.733139132215694,-0.053139132215693774,0
2023-11-14,4.33,8.49102024362566,-4.161020243625661,0
2023-11-15,3.34,7.28737015211518,-3.9473701521151803,0
2023-11-16,3.79,7.824428653985924,-4.034428653985924,0
2023-11-17,7.34,11.164251962742282,-3.8242519627422826,0
2023-11-18,5.62,5.488377052707576,0.13162294729242419,0
2023-11-19,2.08,4.6851301369927745,-2.6051301369927744,0
2023-11-20,7.17,14.881715725922582,-7.711715725922582,1
2023-11-21,2.44,4.6240690859463625,-2.1840690859463625,0
2023-11-22,6.35,7.404141621561838,-1.054141621561838,0
2023-11-23,4.6,4.832232027800702,-0.23223202780070196,0
2023-11-24,5.2,4.255649463727182,0.9443505362728182,0
2023-11-25,2.76,3.494027799884221,-0.7340277998842213,0
2023-11-26,10.4,9.915985560522214,0.4840144394777859,0
2023-11-27,6.12,5.440121093121869,0.6798789068781312,0
2023-11-28,7.5,6.663577698236452,0.8364223017635481,0
2023-11-29,7.97,8.981351755015083,-1.0113517550150837,0
2023-11-30,2.59,4.275905046923081,-1.6859050469230814,0
2023-12-01,3.93,2.0083579668283793,1.9216420331716209,0
2023-12-02,5.19,7.254763390187615,-2.064763390187615,0
2023-12-03,4.2,2.0990967386887167,2.1009032613112835,0
2023-12-04,2.14,2.5470560769244353,-0.40705607692443513,0
2023-12-05,5.57,5.762519559102872,-0.19251955910287144,0
2023-12-06,2.45,3.400943023288977,-0.9509430232889766,0
2023-12-07,2.25,2.998706165271604,-0.7487061652716038,0
2023-12-08,4.8,4.806839605745067,-0.006839605745066812,0
2023-12-09,6.76,5.21997149566654,1.5400285043334598,0
2023-12-10,9.27,6.920629711090493,2.3493702889095065,1
2023-12-11,4.46,3.416570940053939,1.0434290599460612,0
2023-12-12,3.58,3.3823582799238796,0.19764172007612046,0
2023-12-13,2.88,6.29785939631938,-3.41785939631938,0
2023-12-14,2.84,6.697074354674073,-3.857074354674073,0
2023-12-15,3.98,3.3787079439574077,0.6012920560425923,0
2023-12-16,9.33,3.962666417554325,5.367333582445675,0
2023-12-17,8.74,9.064719972968051,-0.324719972968051,0
2023-12-18,8.15,6.167411070407336,1.982588929592664,0
2023-12-19,5.79,3.810942556385231,1.979057443614769,0
2023-12-20,1.75,2.5698071550600154,-0.8198071550600154,0
2023-12-21,1.83,2.6764056588321683,-0.8464056588321682,0
2023-12-22,6.38,10.024391621274935,-3.644391621274935,0
2023-12-23,6.56,9.951238452885073,-3.391238452885074,0
2023-12-24,9.81,13.846506682091583,-4.0365066820915825,0
2023-12-25,16.79,7.459605327159372,9.330394672840626,0
2023-12-26,4.16,5.492169030241115,-1.3321690302411149,0
2023-12-27,1.65,4.711393194248174,-3.0613931942481742,0
2023-12-28,1.76,2.7955303788481283,-1.0355303788481283,0
2023-12-29,2.41,4.064425384690252,-1.654425384690252,0
2023-12-30,1.39,2.7724561264981116,-1.3824561264981117,0
2023-12-31,1.27,1.2044184055598572,0.06558159444014278,0
2024-01-01,5.12,2.995403899490153,2.124596100509847,0
2024-01-02,3.49,1.3543513415428494,2.135648658457151,0
2024-01-03,2.07,2.058458688948642,0.011541311051357805,0
2024-01-04,6.55,6.857248131132744,-0.3072481311327442,0
2024-01-05,6.72,5.010277419479219,1.709722580520781,0
2024-01-06,2.24,3.079361657529078,-0.8393616575290777,0
2024-01-07,5.04,8.831123678776562,-3.791123678776562,0
2024-01-08,1.3,2.6751308235347064,-1.3751308235347064,0
2024-01-09,2.88,6.944495200453109,-4.064495200453109,0
2024-01-10,4.27,4.138433071022652,0.13156692897734779,0
2024-01-11,1.77,2.774801652434772,-1.004801652434772,0
2024-01-12,4.31,6.965029859982654,-2.6550298599826547,0
2024-01-13,9.5,9.419321831302238,0.08067816869776223,0
2024-01-14,3.54,3.313616524472036,0.2263834755279639,0
2024-01-15,6.95,7.50811634512001,-0.55811634512001,1
2024-01-16,13.11,6.445538349031553,6.6644616509684464,1
2024-01-17,6.53,6.788098875959746,-0.258098875959746,0
2024-01-18,5.62,9.058326566762066,-3.4383265667620657,0
2024-01-19,7.21,10.281182684811323,-3.0711826848113235,1
2024-01-20,4.24,6.45381975425855,-2.21381975425855,1
2024-01-21,6.08,10.423091391909828,-4.343091391909828,0
2024-01-22,13.1,9.040921499089395,4.059078500910605,1
2024-01-23,14.42,9.438519613545047,4.981480386454953,1
2024-01-24,15.22,12.429711650752962,2.7902883492470387,0
2024-01-25,15.2,8.231802205721733,6.968197794278266,0
2024-01-26,4.26,6.066249489044691,-1.8062494890446912,0
2024-01-27,4.2,4.469415815437847,-0.26941581543784654,0
2024-01-28,4.55,5.201195709496191,-0.6511957094961911,1
2024-01-29,5.8,7.739077054428728,-1.9390770544287284,1
2024-01-30,9.66,11.36668110886333,-1.7066811088633305,1
2024-01-31,2.1,4.8465449526562905,-2.7465449526562904,0
2024-02-01,1.89,6.051278464602049,-4.1612784646020495,0
2024-02-02,1.6,3.912905375626579,-2.312905375626579,0
2024-02-03,2.12,5.6767359354780105,-3.5567359354780104,0
2024-02-04,4.34,4.2723983874861515,0.06760161251384833,0
2024-02-05,3.96,5.3837375448869995,-1.4237375448869996,0
2024-02-06,8.57,5.973035033277569,2.5969649667224317,0
2024-02-07,10.82,7.58865612876594,3.23134387123406,0
2024-02-08,1.32,6.522913157064384,-5.202913157064383,0
2024-02-09,7.29,4.977674581816327,2.312325418183673,0
2024-02-10,5.02,4.903995824627126,0.11600417537287377,0
2024-02-11,2.07,4.8947762228852465,-2.8247762228852467,0
2024-02-12,5.2,5.269573935367161,-0.06957393536716072,0
2024-02-13,8.27,9.03152825915054,-0.7615282591505412,0
2024-02-14,6.58,4.346149975296009,2.233850024703991,0
2024-02-15,1.67,4.945293803228968,-3.2752938032289682,0
2024-02-16,2.41,5.2809672242905314,-2.8709672242905313,0
2024-02-17,8.1,8.185498974294623,-0.08549897429462305,0
2024-02-18,11.96,9.079962308019278,2.880037691980723,1
2024-02-19,3.12,5.813367385831029,-2.6933673858310287,0
2024-02-20,4.4,6.136911509633288,-1.7369115096332877,0
2024-02-21,9.72,7.3033590412893705,2.41664095871063,0
2024-02-22,9.84,8.914517514343382,0.9254824856566177,0
2024-02-23,15.85,8.089461250122808,7.760538749877192,0
2024-02-24,10.53,9.045238124243548,1.4847618757564511,1
2024-02-25,10.07,10.004857817353606,0.06514218264639382,0
2024-02-26,13.09,9.030374031133979,4.059625968866021,0
2024-02-27,9.12,7.747007237693972,1.3729927623060272,0
2024-02-28,7.42,5.5265376078157615,1.8934623921842384,0
2024-02-29,5.53,8.468730600460082,-2.938730600460082,1
2024-03-01,2.18,5.8443024109508315,-3.6643024109508313,1
2024-03-02,1.14,3.153982348023712,-2.0139823480237125,0
2024-03-03,1.51,3.636423321310243,-2.1264233213102433,0
2024-03-04,1.68,3.6412053078484385,-1.9612053078484386,0
2024-03-05,13.2,8.31013633554795,4.889863664452049,0
2024-03-06,19.18,9.760259744721226,9.419740255278773,0
2024-03-07,9.56,7.697510488836445,1.862489511163555,0
2024-03-08,10.94,12.256256047599331,-1.3162560475993317,0
2024-03-09,27.67,10.349075886501032,17.320924113498968,0
2024-03-10,3.24,5.7548074534941565,-2.5148074534941562,0
2024-03-11,8.24,9.372160306826128,-1.132160306826128,0
2024-03-12,4.12,7.237574379623367,-3.117574379623367,0
2024-03-13,2.9,7.430529012119837,-4.530529012119837,0
2024-03-14,1.88,5.285170065345043,-3.405170065345043,0
2024-03-15,1.99,5.184956805358876,-3.194956805358876,0
2024-03-16,6.35,5.856720199998885,0.4932798000011145,0
2024-03-17,19.95,14.724211867889212,5.225788132110788,1
2024-03-18,9.58,13.13038898808016,-3.55038898808016,1
2024-03-19,10.83,7.883575773678598,2.946424226321402,0
2024-03-20,6.43,8.926807554973626,-2.4968075549736266,0
2024-03-21,8.85,10.443064413562553,-1.5930644135625531,0
2024-03-22,15.25,12.347075305099109,2.902924694900891,1
2024-03-23,23.62,15.857957082981848,7.762042917018153,1
2024-03-24,21.02,14.13073889027228,6.88926110972772,1
2024-03-25,13.41,11.96611795768556,1.4438820423144403,0
2024-03-26,16.16,14.033426800705914,2.1265731992940857,1
2024-03-27,14.47,16.722855903226716,-2.252855903226715,0
2024-03-28,15.1,17.07974180529867,-1.979741805298671,0
2024-03-29,14.47,10.925671364296585,3.5443286357034154,0
2024-03-30,3.45,9.117185761993708,-5.667185761993708,0
2024-03-31,8.54,9.312870933165476,-0.7728709331654766,0
2024-04-01,11.17,12.20091376483644,-1.0309137648364395,0
2024-04-02,12.31,10.626698252714904,1.6833017472850962,0
2024-04-03,13.3,13.891435583998279,-0.5914355839982779,0
2024-04-04,22.32,10.756597976792627,11.563402023207374,0
2024-04-05,9.61,10.966629303191567,-1.3566293031915677,0
2024-04-06,12.9,10.270416240728816,2.629583759271185,0
2024-04-07,12.73,12.48732061228291,0.2426793877170912,0
2024-04-08,15.69,13.234762520322352,2.4552374796776473,0
2024-04-09,6.4,7.704693075214342,-1.3046930752143417,0
2024-04-10,7.35,8.535175528203215,-1.1851755282032155,0
2024-04-11,3.53,9.706971635604562,-6.176971635604563,0
2024-04-12,7.99,11.775061832340603,-3.7850618323406025,0
2024-04-13,8.59,9.325160112316198,-0.7351601123161977,0
2024-04-14,11.75,7.883356674061531,3.866643325938469,0
2024-04-15,10.69,10.741627339436036,-0.05162733943603648,0
2024-04-16,6.2,11.764657428779454,-5.564657428779454,0
2024-04-17,8.45,10.722664042693872,-2.2726640426938722,0
2024-04-18,13.3,10.539175412192728,2.7608245878072726,0
2024-04-19,8.63,9.447961358395226,-0.817961358395225,0
2024-04-20,6.43,8.675999358600617,-2.245999358600617,0
2024-04-21,3.73,8.601922588515041,-4.871922588515041,0
2024-04-22,8.24,8.159120545893845,0.08087945410615482,0
2024-04-23,2.69,7.66328193905254,-4.973281939052541,0
2024-04-24,5.9,7.524554834438062,-1.6245548344380616,0
2024-04-25,5.4,6.6373653718422005,-1.2373653718422002,0
2024-04-26,7.69,6.173848195291434,1.5161518047085663,0
2024-04-27,7.03,4.917770458048586,2.1122295419514145,0
2024-04-28,11.36,9.375258817271272,1.9847411827287278,0
2024-04-29,12.58,6.877096000657124,5.702903999342876,0
2024-04-30,14.43,9.206103859956944,5.223896140043056,0
2024-05-01,7.98,7.90392506251343,0.07607493748657035,0
2024-05-02,4.73,7.673161387289718,-2.9431613872897175,0
2024-05-03,7.67,10.26739852333854,-2.5973985233385406,0
2024-05-04,11.48,10.172276534287299,1.3077234657127015,0
2024-05-05,15.41,8.547345278857266,6.862654721142734,0
2024-05-06,10.43,10.57719520656477,-0.1471952065647706,0
2024-05-07,12.82,11.210903424529318,1.6090965754706819,0
2024-05-08,9.35,8.47712018312739,0.8728798168726097,0
2024-05-09,5.99,9.031647084771514,-3.0416470847715136,0
2024-05-10,9.17,9.950013512886844,-0.7800135128868444,0
2024-05-11,6.89,8.174426054127528,-1.284426054127528,0
2024-05-12,7.39,10.603165123062196,-3.213165123062196,0
2024-05-13,5.47,7.86357430528574,-2.39357430528574,0
2024-05-14,12.96,10.293245620878286,2.6667543791217145,0
2024-05-15,9.78,8.917399859440335,0.8626001405596639,0
2024-05-16,6.15,7.456237561077389,-1.3062375610773884,0
2024-05-17,10.74,8.847926041413446,1.892073958586554,0
2024-05-18,13.72,10.161816522629275,3.5581834773707257,0
2024-05-19,12.12,10.502295069513814,1.6177049304861857,0
2024-05-20,9.03,8.40305257701907,0.6269474229809298,0
2024-05-21,8.76,7.439207080623337,1.3207929193766628,0
2024-05-22,8.25,9.067797222514818,-0.8177972225148178,0
2024-05-23,6.05,8.585998359495825,-2.5359983594958253,0
2024-05-24,10.57,10.63202902808582,-0.062029028085818894,0
2024-05-25,6.87,8.671878052337147,-1.8018780523371474,0
2024-05-26,3.65,7.4256736722471555,-3.7756736722471556,0
2024-05-27,5.58,8.04474734847743,-2.464747348477429,0
2024-05-28,4.9,7.118072439068541,-2.218072439068541,0
2024-05-29,4.04,7.125805446706607,-3.0858054467066074,0
2024-05-30,3.57,7.624846532332704,-4.054846532332704,0
2024-05-31,7.52,8.619059923234646,-1.0990599232346465,0
2024-06-01,8.66,10.13068593603025,-1.4706859360302502,0
2024-06-02,8.07,9.39430682825034,-1.3243068282503394,0
2024-06-03,9.41,7.606542996273205,1.8034570037267947,0
2024-06-04,5.38,8.445997674799692,-3.065997674799692,0
2024-06-05,9.62,11.679062004244598,-2.0590620042445984,0
2024-06-06,10.54,9.887399625360715,0.6526003746392846,0
2024-06-07,8.23,10.751732720764084,-2.521732720764083,0
2024-06-08,10.67,9.552716992159512,1.1172830078404878,0
2024-06-09,9.51,8.68804636936985,0.8219536306301496,0
2024-06-10,8.59,10.904987691211286,-2.314987691211286,0
2024-06-11,8.87,9.655183517003953,-0.7851835170039543,0
2024-06-12,8.93,9.131065399822859,-0.2010653998228591,0
2024-06-13,6.79,10.514988532139022,-3.7249885321390215,0
2024-06-14,9.69,10.685174485646689,-0.9951744856466895,0
2024-06-15,10.0,11.148605923908123,-1.1486059239081232,0
2024-06-16,9.85,10.538256322995302,-0.6882563229953025,0
2024-06-17,15.43,10.31487471631458,5.115125283685419,0
2024-06-18,9.61,9.430094069894183,0.17990593010581613,0
2024-06-19,8.89,9.509081619747933,-0.6190816197479325,0
2024-06-20,5.13,8.576398833330671,-3.4463988333306714,0
2024-06-21,5.08,7.5564285212146975,-2.4764285212146975,0
2024-06-22,7.25,10.447417485947918,-3.197417485947918,0
2024-06-23,5.57,6.924896055091558,-1.354896055091558,0
2024-06-24,10.15,8.095770206706332,2.0542297932936684,0
2024-06-25,9.1,8.43962336569053,0.6603766343094701,0
2024-06-26,3.79,6.736267311354716,-2.946267311354716,0
2024-06-27,6.11,7.56979057251958,-1.45979057251958,0
2024-06-28,6.16,5.3440927162521845,0.8159072837478156,0
2024-06-29,8.27,7.811243814279621,0.4587561857203788,0
2024-06-30,7.18,8.157350433395665,-0.9773504333956655,0
2024-07-01,11.56,8.071042551222606,3.488957448777395,0
2024-07-02,8.37,9.751307952455905,-1.3813079524559058,0
2024-07-03,8.46,9.261074224060446,-0.8010742240604447,0
2024-07-04,7.33,8.124581877629463,-0.7945818776294633,0
2024-07-05,9.55,9.081560004629265,0.4684399953707352,0
2024-07-06,11.35,12.272570844587925,-0.9225708445879253,0
2024-07-07,5.38,10.315083474506556,-4.935083474506556,0
2024-07-08,5.49,8.761006040663789,-3.2710060406637886,0
2024-07-09,7.11,9.406763685396186,-2.2967636853961855,0
2024-07-10,8.6,10.790568844100559,-2.190568844100559,0
2024-07-11,8.4,8.827420265445404,-0.427420265445404,0
2024-07-12,5.96,7.846567024993425,-1.8865670249934254,0
2024-07-13,7.3,8.502340314781199,-1.2023403147811988,0
2024-07-14,13.53,14.401191908310198,-0.8711919083101982,0
2024-07-15,7.76,8.688035068728613,-0.9280350687286134,0
2024-07-16,13.93,12.468073502710244,1.461926497289756,0
2024-07-17,13.59,12.430881351738307,1.1591186482616926,0
2024-07-18,14.15,10.560807351799896,3.589192648200104,0
2024-07-19,13.11,11.9971906607881,1.1128093392118998,0
2024-07-20,11.67,14.195884158896016,-2.525884158896016,0
2024-07-21,8.88,9.214783542313102,-0.3347835423131009,0
2024-07-22,9.28,11.529366828190376,-2.249366828190377,0
2024-07-23,10.7,10.13265598430696,0.56734401569304,0
2024-07-24,12.11,10.479913497529404,1.6300865024705953,0
2024-07-25,10.72,7.837923507403044,2.8820764925969566,0
2024-07-26,7.16,7.7272228697606105,-0.5672228697606103,0
2024-07-27,5.89,8.710055654086391,-2.8200556540863913,0
2024-07-28,8.45,8.04547559705925,0.40452440294074954,0
2024-07-29,7.38,8.51335407414835,-1.1333540741483494,0
2024-07-30,6.73,7.700805467908922,-0.9708054679089217,0
2024-07-31,7.6,8.149514730850646,-0.5495147308506461,0
2024-08-01,6.44,7.805986006947864,-1.365986006947864,0
2024-08-02,6.96,8.419680127383055,-1.4596801273830549,0
2024-08-03,9.06,8.109640408848422,0.9503595911515781,0
2024-08-04,6.99,8.429586921031865,-1.4395869210318644,0
2024-08-05,6.88,7.724360034295224,-0.8443600342952244,0
2024-08-06,7.93,8.769597374622803,-0.8395973746228034,0
2024-08-07,6.86,9.751835698272469,-2.8918356982724687,0
2024-08-08,11.2,9.884913725321193,1.3150862746788068,0
2024-08-09,24.43,12.519580108730832,11.910419891269168,0
2024-08-10,6.47,8.817252652386333,-2.3472526523863335,0
2024-08-11,10.59,9.77086312793392,0.8191368720660801,0
2024-08-12,7.61,9.711023330379067,-2.101023330379067,0
2024-08-13,9.56,7.650849557963463,1.9091504420365375,0
2024-08-14,6.75,6.666474902085912,0.08352509791408824,0
2024-08-15,5.82,9.025413521658512,-3.205413521658512,0
2024-08-16,7.81,9.204485600208033,-1.394485600208033,0
2024-08-17,11.15,8.479141289120594,2.670858710879406,0
2024-08-18,10.52,7.509217520034997,3.0107824799650027,0
2024-08-19,8.86,8.210007553337862,0.6499924466621376,0
2024-08-20,9.85,8.558360011888567,1.2916399881114327,0
2024-08-21,7.65,9.426850852744222,-1.7768508527442215,0
2024-08-22,9.38,9.03932868974641,0.3406713102535903,0
2024-08-23,8.63,7.524765532842672,1.105234467157329,0
2024-08-24,8.88,7.817539578538776,1.0624604214612248,0
2024-08-25,7.39,7.298064874368393,0.09193512563160677,0
2024-08-26,10.83,8.356478340872206,2.473521659127794,0
2024-08-27,7.59,8.60620943393081,-1.0162094339308094,0
2024-08-28,7.46,6.3991285483867575,1.0608714516132425,0
2024-08-29,8.14,7.838668993740576,0.3013310062594243,0
2024-08-30,6.03,7.535801247721898,-1.505801247721898,0
2024-08-31,8.06,8.069513609887865,-0.00951360988786476,0
2024-09-01,5.95,6.361236358236689,-0.4112363582366889,0
2024-09-02,8.28,5.924886519160747,2.355113480839252,0
2024-09-03,3.85,5.475485045632421,-1.6254850456324212,0
2024-09-04,6.01,8.035778652917815,-2.025778652917815,0
2024-09-05,4.01,6.800125929452991,-2.7901259294529916,0
2024-09-06,6.86,6.087459861857971,0.7725401381420296,0
2024-09-07,13.15,6.804398183897083,6.345601816102917,0
2024-09-08,7.2,7.053662692486012,0.14633730751398843,0
2024-09-09,10.45,7.261449698153752,3.188550301846247,0
2024-09-10,9.35,7.4398003166699525,1.9101996833300472,0
2024-09-11,8.31,6.83438384731525,1.4756161526847507,0
2024-09-12,4.05,4.848569652268506,-0.7985696522685064,0
2024-09-13,12.74,5.539313803576329,7.200686196423671,0
2024-09-14,5.28,7.365359619289084,-2.0853596192890835,0
2024-09-15,5.65,6.713113911969339,-1.0631139119693387,0
2024-09-16,4.01,4.72009778593928,-0.7100977859392801,0
2024-09-17,3.05,4.254391430405518,-1.2043914304055185,0
2024-09-18,1.41,4.837247319906078,-3.427247319906078,0
2024-09-19,3.1,3.801871179020152,-0.7018711790201517,0
2024-09-20,9.53,6.810834770196587,2.719165229803412,0
2024-09-21,7.62,7.800958243147087,-0.18095824314708686,0
2024-09-22,5.58,6.343964315935529,-0.7639643159355289,0
2024-09-23,4.73,5.5093738444782705,-0.7793738444782701,0
2024-09-24,4.72,6.67305164689845,-1.9530516468984507,0
2024-09-25,3.6,5.73309372253681,-2.13309372253681,0
2024-09-26,5.09,5.321804307471128,-0.231804307471128,0
2024-09-27,5.17,6.733777361657053,-1.5637773616570527,0
2024-09-28,10.24,8.588691642100882,1.6513083578991186,0
2024-09-29,14.61,14.225121311972922,0.3848786880270776,1
2024-09-30,11.98,11.087089123753131,0.8929108762468694,0
2024-10-01,5.0,6.432879092980917,-1.432879092980917,0
2024-10-02,4.55,4.615274676431223,-0.06527467643122353,0
2024-10-03,1.97,3.430100610129429,-1.4601006101294292,0
2024-10-04,2.02,3.2612763340116215,-1.2412763340116215,0
2024-10-05,3.17,7.206244819885127,-4.036244819885127,0
2024-10-06,6.14,6.096439285085898,0.04356071491410152,0
2024-10-07,8.18,5.592818933099784,2.5871810669002153,0
2024-10-08,13.37,10.601274769773063,2.768725230226936,0
2024-10-09,11.42,8.595590287952446,2.8244097120475544,0
2024-10-10,9.86,7.267902148541724,2.5920978514582753,0
2024-10-11,11.27,10.37835642377238,0.8916435762276187,0
2024-10-12,3.36,6.193094558312977,-2.8330945583129767,0
2024-10-13,3.56,4.096966413175919,-0.5369664131759193,0
2024-10-14,2.55,4.5267407368994474,-1.9767407368994476,0
2024-10-15,8.89,6.589353703794542,2.300646296205459,0
2024-10-16,8.0,6.247624050801686,1.7523759491983144,0
2024-10-17,7.77,10.406197442396492,-2.636197442396492,0
2024-10-18,6.53,11.239829663840032,-4.709829663840032,1
2024-10-19,7.48,13.495737307318239,-6.015737307318238,0
2024-10-20,10.96,15.38069466540992,-4.420694665409918,1
2024-10-21,8.56,12.69891003937963,-4.138910039379629,0
2024-10-22,10.78,7.762129460469312,3.017870539530687,0
2024-10-23,7.63,4.406693006362848,3.223306993637152,0
2024-10-24,2.53,4.800807607420059,-2.270807607420059,0
2024-10-25,7.36,5.671046099686135,1.688953900313865,0
2024-10-26,10.07,9.22223586148296,0.8477641385170411,0
2024-10-27,7.16,8.122854016784336,-0.9628540167843358,0
2024-10-28,1.41,3.5787473121242677,-2.1687473121242675,0
2024-10-29,3.5,4.691855198901015,-1.191855198901015,0
2024-10-30,6.48,7.881750403553681,-1.401750403553681,0
2024-10-31,1.57,5.822076937307552,-4.252076937307551,0
2024-11-01,3.44,4.893946114451493,-1.4539461144514934,0
2024-11-02,5.14,4.900782830521915,0.2392171694780849,0
2024-11-03,6.67,6.68328250124744,-0.013282501247440237,0
2024-11-04,8.2,4.7533612457515755,3.446638754248424,0
2024-11-05,7.12,8.509374833686037,-1.3893748336860368,0
2024-11-06,5.25,5.485386564547198,-0.23538656454719842,0
2024-11-07,1.38,3.291004534230356,-1.911004534230356,0
2024-11-08,2.64,2.8630992508182924,-0.2230992508182923,0
2024-11-09,2.14,2.947702648462468,-0.8077026484624681,0
2024-11-10,1.58,1.8938282237137694,-0.3138282237137693,0
2024-11-11,2.35,1.7505596791932572,0.5994403208067429,0
2024-11-12,3.55,4.249931146403702,-0.6999311464037019,0
2024-11-13,5.91,4.809705883419179,1.1002941165808213,0
2024-11-14,2.74,1.8115871127444967,0.9284128872555035,0
2024-11-15,2.74,2.7440157721824177,-0.004015772182417443,0
2024-11-16,9.17,13.117592159420088,-3.947592159420088,1
2024-11-17,13.47,16.571826814002794,-3.101826814002793,1
2024-11-18,31.8,25.663643632055226,6.136356367944774,1
2024-11-19,26.83,25.284585883209,1.5454141167909974,1
2024-11-20,16.05,12.703289938087284,3.3467100619127166,1
2024-11-21,4.13,1.0074984995962932,3.1225015004037067,0
2024-11-22,5.86,3.7185589572086544,2.141441042791346,1
2024-11-23,19.77,7.854883193088122,11.915116806911877,1
2024-11-24,7.71,6.80135471041177,0.9086452895882298,0
2024-11-25,7.89,4.844118719617984,3.045881280382016,0
2024-11-26,9.78,9.033493502681173,0.7465064973188262,0
2024-11-27,17.29,14.349732834723696,2.9402671652763033,1
2024-11-28,17.28,27.01451878759915,-9.73451878759915,1
2024-11-29,17.67,15.227505821447306,2.442494178552696,1
2024-11-30,8.04,11.045562377406904,-3.005562377406905,0
2024-12-01,3.0,4.772706674468093,-1.7727066744680933,0
2024-12-02,12.78,12.952028657284009,-0.1720286572840095,0
2024-12-03,26.28,12.513484768139872,13.76651523186013,1
2024-12-04,19.48,11.235426412167225,8.244573587832775,1
2024-12-05,11.21,11.724497505037053,-0.5144975050370526,1
2024-12-06,12.72,9.229201859803537,3.490798140196464,1
2024-12-07,7.64,7.402359694125669,0.23764030587433105,0
2024-12-08,7.15,9.7978638821154,-2.6478638821154004,0
2024-12-09,10.5,9.937212607236702,0.5627873927632976,0
2024-12-10,19.12,14.844306776405208,4.275693223594793,1
2024-12-11,9.19,9.065915395403247,0.12408460459675297,0
2024-12-12,13.14,8.953934058459666,4.186065941540335,0
2024-12-13,10.3,7.570092502279875,2.7299074977201254,0
2024-12-14,14.5,6.321767437451432,8.178232562548569,0
2024-12-15,5.55,3.6449626149051255,1.9050373850948743,0
2024-12-16,4.71,5.148523130108408,-0.4385231301084076,0
2024-12-17,5.35,9.631402696825923,-4.281402696825923,0
2024-12-18,9.36,8.69514173191446,0.6648582680855402,0
2024-12-19,6.37,6.613804272125975,-0.243804272125975,0
2024-12-20,3.49,4.35872076161122,-0.86872076161122,0
2024-12-21,4.27,4.008814691645102,0.2611853083548974,0
2024-12-22,4.73,6.227208761026085,-1.4972087610260845,0
2024-12-23,8.06,4.185058327781388,3.874941672218612,0
2024-12-24,12.51,17.323389108833325,-4.813389108833325,1
2024-12-25,5.42,10.113197143847454,-4.6931971438474545,1
2024-12-26,12.51,11.978222815674068,0.5317771843259322,0
2024-12-27,9.97,6.870492953154006,3.0995070468459947,0
2024-12-28,2.9,2.872807983292752,0.027192016707247912,0
2024-12-29,4.01,7.580248514656052,-3.5702485146560523,0
2024-12-30,4.14,6.592977718635863,-2.4529777186358634,0
2024-12-31,6.98,6.265691295115879,0.7143087048841217,0
2025-01-01,3.94,5.019964921274086,-1.0799649212740863,0
2025-01-02,1.69,1.7006377548889873,-0.010637754888987327,0
2025-01-03,2.29,1.7276845501713476,0.5623154498286524,0
2025-01-04,2.72,2.958094094502319,-0.23809409450231867,0
2025-01-05,4.94,10.631381024428084,-5.691381024428083,0
2025-01-06,7.13,10.229511871274621,-3.099511871274621,0
2025-01-07,6.88,8.484801531967609,-1.6048015319676088,0
2025-01-08,7.89,5.080337039745908,2.8096629602540917,0
2025-01-09,8.34,7.828688744731875,0.5113112552681249,0
2025-01-10,9.38,12.808448565351476,-3.4284485653514754,0
2025-01-11,17.6,21.875686061738023,-4.275686061738021,0
2025-01-12,37.22,33.84463706604362,3.3753629339563815,1
2025-01-13,30.63,32.870448593870904,-2.240448593870905,1
2025-01-14,26.02,26.8685011429518,-0.8485011429518003,1
2025-01-15,14.76,10.32476506075034,4.435234939249661,0
2025-01-16,5.29,2.9404423766584964,2.3495576233415036,0
2025-01-17,2.36,3.3516282612354678,-0.9916282612354679,0
2025-01-18,2.89,3.6482629710825067,-0.7582629710825066,0
2025-01-19,3.67,4.887987243736689,-1.2179872437366894,0
2025-01-20,2.13,3.29135708027163,-1.16135708027163,0
2025-01-21,1.55,2.791923236042014,-1.241923236042014,0
2025-01-22,2.2,2.935217007102273,-0.735217007102273,0
2025-01-23,4.62,5.650370907544602,-1.0303709075446017,0
2025-01-24,14.65,16.24030323373335,-1.5903032337333496,0
2025-01-25,10.34,13.61894791569204,-3.27894791569204,0
2025-01-26,12.81,16.009321595222147,-3.1993215952221465,1
2025-01-27,14.86,13.844876805753707,1.0151231942462928,1
2025-01-28,6.62,6.418163336714876,0.20183666328512384,0
2025-01-29,2.82,4.270754570980922,-1.4507545709809224,0
2025-01-30,1.97,2.9708942555933016,-1.0008942555933016,0
2025-01-31,8.47,8.511137586521583,-0.04113758652158239,0
2025-02-01,5.88,7.931729503952728,-2.0517295039527284,0
2025-02-02,3.36,6.430199098305957,-3.0701990983059573,0
2025-02-03,8.77,7.491912967098057,1.2780870329019427,0
2025-02-04,2.18,5.659292771798162,-3.479292771798162,0
2025-02-05,1.62,2.508283513715459,-0.888283513715459,0
2025-02-06,3.76,4.030873564225974,-0.2708735642259743,0
2025-02-07,4.97,5.08552962445447,-0.1155296244544699,0
2025-02-08,7.0,5.57152527613335,1.4284747238666498,0
2025-02-09,12.37,14.558907897054867,-2.188907897054868,0
2025-02-10,7.8,10.288672052714938,-2.4886720527149384,0
2025-02-11,5.0,9.591602949272401,-4.591602949272401,0
2025-02-12,8.75,8.424624151675285,0.32537584832471467,0
2025-02-13,1.97,3.6788364274633265,-1.7088364274633265,0
2025-02-14,3.3,4.467801877670848,-1.1678018776708479,0
2025-02-15,11.32,15.002009919920683,-3.6820099199206826,1
2025-02-16,13.11,12.263659789429859,0.8463402105701405,1
2025-02-17,7.4,11.094451020851103,-3.694451020851103,0
2025-02-18,12.63,15.584842774002277,-2.9548427740022767,0
2025-02-19,16.19,26.882901121960174,-10.692901121960173,1
2025-02-20,32.3,20.22875576594119,12.071244234058806,1
2025-02-21,19.94,17.16145070904799,2.778549290952011,1
2025-02-22,25.08,15.159056509899052,9.920943490100946,0
2025-02-23,21.25,18.606894784891193,2.6431052151088075,0
2025-02-24,14.28,18.3989205369346,-4.118920536934601,0
2025-02-25,22.03,17.10905190641876,4.9209480935812415,1
2025-02-26,13.81,10.293735458597709,3.5162645414022915,0
2025-02-27,4.77,9.68699893081016,-4.916998930810161,1
2025-02-28,13.86,13.244420172486329,0.6155798275136704,1
2025-03-01,11.22,19.12012596229482,-7.900125962294821,1
2025-03-02,11.72,16.448139649590622,-4.728139649590622,1
2025-03-03,21.83,12.25758969513263,9.572410304867368,0
2025-03-04,7.55,6.749358838240077,0.8006411617599225,0
2025-03-05,7.95,11.444197888362314,-3.494197888362314,0
2025-03-06,10.52,8.754066324983091,1.7659336750169086,0
2025-03-07,2.92,3.1678031572435517,-0.24780315724355173,0
2025-03-08,4.6,6.882764481791302,-2.282764481791302,0
2025-03-09,3.62,6.45001573388768,-2.83001573388768,0
2025-03-10,5.56,8.142461377270998,-2.582461377270998,0
2025-03-11,4.59,5.732518255518464,-1.142518255518464,0
2025-03-12,10.55,11.141287100777785,-0.5912871007777838,0
2025-03-13,15.53,18.41622845652582,-2.886228456525819,0
2025-03-14,21.4,23.93386811314404,-2.5338681131440417,0
2025-03-15,39.88,30.972314238755224,8.907685761244778,0
2025-03-16,38.57,22.97036100821544,15.599638991784559,0
2025-03-17,18.4,15.464400020168629,2.9355999798313697,0
2025-03-18,16.24,18.80149932032608,-2.5614993203260816,0
2025-03-19,20.79,16.669624664843624,4.120375335156375,0
2025-03-20,20.57,15.036101345867914,5.533898654132086,0
2025-03-21,12.4,11.774201220599945,0.6257987794000552,0
2025-03-22,10.66,10.850531336965924,-0.19053133696592361,0
2025-03-23,11.84,16.80043041725412,-4.96043041725412,0
2025-03-24,6.61,8.075099572227028,-1.465099572227028,0
2025-03-25,8.58,13.67288138873607,-5.092881388736069,0
2025-03-26,14.3,14.735493617432494,-0.4354936174324937,0
2025-03-27,7.9,8.858794836367986,-0.9587948363679857,0
2025-03-28,9.86,8.37133006913705,1.4886699308629492,0
2025-03-29,8.96,11.213922921071655,-2.253922921071654,0
2025-03-30,18.75,17.599441438190432,1.150558561809568,0
2025-03-31,29.84,15.166753705284897,14.673246294715103,1
2025-04-01,14.07,10.799741960823157,3.270258039176843,0
2025-04-02,14.54,18.79266190581381,-4.2526619058138095,0
2025-04-03,11.33,9.266749128555828,2.063250871444172,1
2025-04-04,6.28,10.021276281425212,-3.741276281425212,0
2025-04-05,8.41,11.307699276314152,-2.8976992763141514,0
2025-04-06,6.99,13.79914723390731,-6.809147233907309,1
2025-04-07,12.62,11.812536630500691,0.8074633694993079,0
2025-04-08,9.07,11.317653149131015,-2.2476531491310148,0
2025-04-09,17.48,19.34368495813576,-1.8636849581357602,0
2025-04-10,14.88,9.879183785135712,5.0008162148642885,0
2025-04-11,5.88,7.457818621213718,-1.5778186212137184,0
2025-04-12,6.2,8.45389294726957,-2.253892947269569,0
2025-04-13,7.92,10.787253595581438,-2.867253595581438,0
2025-04-14,7.4,11.921881203920716,-4.5218812039207155,0
2025-04-15,15.72,9.290158367367377,6.429841632632623,0
2025-04-16,9.92,9.683270398249006,0.23672960175099433,0
2025-04-17,5.93,8.283096158020752,-2.353096158020753,0
2025-04-18,10.95,8.64254819486596,2.30745180513404,0
2025-04-19,10.61,10.906572219391963,-0.29657221939196354,0
2025-04-20,9.23,5.820853530338417,3.409146469661583,0
2025-04-21,11.12,8.452941184704937,2.6670588152950625,0
2025-04-22,13.7,11.622222573347795,2.0777774266522044,0
2025-04-23,11.81,11.553650665489085,0.25634933451091513,0
2025-04-24,11.04,10.843439610330613,0.19656038966938638,0
2025-04-25,9.1,8.790114070880705,0.3098859291192948,0
2025-04-26,5.46,5.877007288546575,-0.417007288546575,0
2025-04-27,7.49,5.004390250876791,2.485609749123209,0
2025-04-28,7.86,9.66417425805447,-1.804174258054469,0
2025-04-29,5.74,6.808336698778636,-1.0683366987786354,0
2025-04-30,5.3,7.092628158101781,-1.792628158101781,0
2025-05-01,5.55,8.365608813531294,-2.815608813531294,0
2025-05-02,5.99,7.0289857409190635,-1.0389857409190633,0
2025-05-03,5.45,7.527993981463635,-2.077993981463635,0
2025-05-04,3.0,7.157134873805111,-4.157134873805111,0
2025-05-05,4.03,6.683898128317499,-2.6538981283174987,0
2025-05-06,7.64,11.610462825658256,-3.970462825658257,0
2025-05-07,14.22,11.298439690348856,2.921560309651145,0
2025-05-08,8.62,6.084739579314421,2.535260420685578,0
2025-05-09,11.17,8.769596073769453,2.400403926230547,0
2025-05-10,7.33,9.64997314703106,-2.3199731470310603,0
2025-05-11,8.58,8.443145739803567,0.13685426019643288,0
2025-05-12,15.84,13.855281441155544,1.984718558844456,0
2025-05-13,6.94,7.815289921024361,-0.8752899210243603,0
2025-05-14,5.05,7.295708560391537,-2.245708560391537,0
2025-05-15,6.39,7.517390492741254,-1.1273904927412541,0
2025-05-16,3.87,5.384101821735021,-1.5141018217350206,0
2025-05-17,2.5,5.914791654625727,-3.414791654625727,0
2025-05-18,6.76,9.008847936275487,-2.248847936275487,0
2025-05-19,10.19,10.16633243806773,0.023667561932269265,0
2025-05-20,13.82,10.001723722013974,3.818276277986026,0
2025-05-21,5.47,9.371281255514887,-3.9012812555148875,0
2025-05-22,4.19,8.247859198324146,-4.057859198324146,0
2025-05-23,5.34,7.89533253462239,-2.55533253462239,0
2025-05-24,9.83,10.121136806758997,-0.2911368067589972,0
2025-05-25,14.1,9.513515988275763,4.586484011724236,0
2025-05-26,9.08,8.252170373671301,0.8278296263286986,0
2025-05-27,8.33,7.853727766455541,0.47627223354445913,0
2025-05-28,6.73,7.103274429847481,-0.3732744298474806,0
2025-05-29,5.62,8.108848271134756,-2.4888482711347555,0
2025-05-30,6.96,10.528379369871258,-3.5683793698712583,0
2025-05-31,6.05,8.993061518219491,-2.9430615182194915,0
2025-06-01,14.53,13.392503005053584,1.1374969949464155,0
2025-06-02,17.01,12.714361931550558,4.295638068449444,0
2025-06-03,11.8,9.929315256850973,1.8706847431490274,0
2025-06-04,11.1,10.700217794479224,0.3997822055207756,0
2025-06-05,8.61,11.787404940027184,-3.177404940027184,0
2025-06-06,6.15,10.95670512683256,-4.80670512683256,0
2025-06-07,20.95,14.907593765617246,6.042406234382753,0
2025-06-08,18.43,11.011832745357104,7.418167254642896,0
2025-06-09,21.53,11.18003904829562,10.34996095170438,0
2025-06-10,17.24,10.53586923742012,6.704130762579878,0
2025-06-11,11.45,12.470506169700862,-1.0205061697008624,0
2025-06-12,22.64,11.212120854989665,11.427879145010335,0
2025-06-13,19.46,14.955148282174536,4.504851717825465,0
2025-06-14,13.2,13.59304678787015,-0.39304678787015135,0
2025-06-15,12.46,13.068106850543131,-0.6081068505431304,0
2025-06-16,9.57,11.947553212974489,-2.3775532129744885,0
2025-06-17,13.45,11.12503971397075,2.324960286029249,0
2025-06-18,9.12,8.386821204306102,0.7331787956938971,0
2025-06-19,10.7,9.3259199753244,1.3740800246755995,0
2025-06-20,12.9,10.56239383580645,2.3376061641935504,0
2025-06-21,11.35,9.671185736981547,1.6788142630184524,0
2025-06-22,8.21,10.042801722652877,-1.832801722652876,0
2025-06-23,9.0,10.963104690019456,-1.9631046900194562,0
2025-06-24,12.22,10.92126927405947,1.2987307259405299,0
2025-06-25,11.05,11.802028846258667,-0.752028846258666,0
2025-06-26,9.18,10.625133501488067,-1.4451335014880673,0
2025-06-27,10.78,10.748012244412887,0.03198775558711198,0
2025-06-28,13.44,8.339141669805496,5.100858330194503,0
2025-06-29,10.77,10.560248569903049,0.20975143009695074,0
2025-06-30,9.78,10.120303762114201,-0.34030376211420155,0
2025-07-01,8.3,10.898208540994561,-2.5982085409945608,0
2025-07-02,9.77,11.020096383021285,-1.250096383021285,0
2025-07-03,7.68,11.47851944490362,-3.7985194449036204,0
2025-07-04,6.7,8.393995847002493,-1.6939958470024932,0
2025-07-05,10.3,10.04205079211347,0.2579492078865311,0
2025-07-06,9.41,9.946065635532067,-0.5360656355320668,0
2025-07-07,9.1,10.498241470221927,-1.3982414702219277,0
2025-07-08,13.67,9.642296065566747,4.027703934433253,0
2025-07-09,14.64,10.761412074665321,3.8785879253346796,0
2025-07-10,14.5,10.551776039052466,3.9482239609475336,0
2025-07-11,14.49,10.439969617616665,4.050030382383335,0
2025-07-12,11.21,11.002849136097108,0.20715086390289272,0
2025-07-13,12.29,9.599770979987383,2.690229020012616,0
2025-07-14,13.08,10.801703799662342,2.2782962003376586,0
2025-07-15,15.18,9.838680204253409,5.341319795746591,0
2025-07-16,10.25,7.924366669326801,2.325633330673199,0
2025-07-17,4.19,7.100695642352301,-2.9106956423523007,0
2025-07-18,5.97,9.060018524608694,-3.090018524608694,0
2025-07-19,9.56,10.285158462946223,-0.7251584629462222,0
2025-07-20,10.85,8.549918326854032,2.300081673145968,0
2025-07-21,4.27,9.89949208929991,-5.6294920892999105,0
2025-07-22,7.35,7.581537507915827,-0.23153750791582706,0
2025-07-23,7.04,7.501492335993217,-0.46149233599321704,0
2025-07-24,5.35,7.726071695935651,-2.376071695935651,0
2025-07-25,8.28,7.958880643897195,0.3211193561028045,0
2025-07-26,12.81,9.363314298466543,3.4466857015334575,0
2025-07-27,9.93,9.86071216855497,0.06928783144502937,0
2025-07-28,9.48,9.159813628446127,0.32018637155387353,0
2025-07-29,11.62,11.939152616276138,-0.31915261627613845,0
2025-07-30,13.91,11.572231493204356,2.337768506795644,0
2025-07-31,11.05,11.371587787848094,-0.3215877878480935,0
2025-08-01,9.24,11.33071272419036,-2.090712724190359,0
2025-08-02,9.82,9.534439240549702,0.28556075945029846,0
2025-08-03,8.49,9.42690158108928,-0.9369015810892805,0
2025-08-04,9.74,8.346097305411702,1.3939026945882986,0
2025-08-05,13.78,10.367042798515152,3.412957201484847,0
2025-08-06,10.04,7.981979849788052,2.058020150211947,0
2025-08-07,8.75,8.224468141377635,0.5255318586223652,0
2025-08-08,8.72,10.4759886828949,-1.7559886828949,0
2025-08-09,8.83,9.103781921322705,-0.27378192132270485,0
2025-08-10,10.76,10.415235237572187,0.34476476242781295,0
2025-08-11,10.6,7.574288089401822,3.0257119105981776,0
2025-08-12,7.23,8.0876929726245,-0.8576929726245002,0
2025-08-13,11.83,9.793618712930467,2.036381287069533,0
2025-08-14,6.72,8.516534273728572,-1.7965342737285726,0
2025-08-15,8.34,8.335497001264143,0.004502998735857133,0
2025-08-16,9.62,10.74099379616098,-1.120993796160981,0
2025-08-17,8.12,8.926829357633041,-0.8068293576330419,0
2025-08-18,9.77,9.11793516821863,0.6520648317813702,0
2025-08-19,9.99,9.64251250642849,0.34748749357151,0
2025-08-20,13.85,11.011832096193995,2.8381679038060046,0
2025-08-21,4.99,7.67882817620852,-2.6888281762085198,0
2025-08-22,6.31,8.041909835057197,-1.7319098350571975,0
2025-08-23,9.79,8.806581577014846,0.983418422985153,0
2025-08-24,11.56,8.25940408544888,3.3005959145511206,0
2025-08-25,5.86,6.246081717858026,-0.38608171785802536,0
2025-08-26,4.14,6.488831302619578,-2.348831302619578,0
2025-08-27,5.0,9.142307474006747,-4.142307474006747,0
2025-08-28,4.98,7.804469375459504,-2.824469375459503,0
2025-08-29,6.71,7.036252595890969,-0.3262525958909688,0
2025-08-30,7.8,8.696339838346365,-0.896339838346365,0
2025-08-31,9.23,7.381890049415524,1.848109950584476,0
2025-09-01,8.58,7.668194577691327,0.9118054223086727,0
2025-09-02,7.4,8.354300701357243,-0.9543007013572424,0
2025-09-03,9.5,10.092525026507825,-0.5925250265078255,0
2025-09-04,14.05,13.382402060283514,0.6675979397164866,0
2025-09-05,7.26,9.054942290791752,-1.7949422907917523,0
2025-09-06,2.82,6.806551412817756,-3.986551412817756,0
2025-09-07,5.74,8.860837945067924,-3.1208379450679242,0
2025-09-08,9.65,9.729569559093456,-0.07956955909345531,0
2025-09-09,9.76,8.650554676006433,1.109445323993567,0
2025-09-10,12.53,9.365808256393237,3.1641917436067626,0
2025-09-11,8.38,8.2200034632233,0.1599965367767009,0
2025-09-12,7.32,10.827969050884215,-3.507969050884215,0
2025-09-13,6.72,7.919655848850536,-1.1996558488505364,0
2025-09-14,7.51,6.984108857560029,0.5258911424399706,0
2025-09-15,6.39,4.828591293156275,1.561408706843725,0
2025-09-16,5.49,7.9903265458718105,-2.5003265458718102,0
2025-09-17,12.38,11.131589728167983,1.248410271832018,0
2025-09-18,14.13,13.053127946780451,1.0768720532195495,0
2025-09-19,9.5,10.638276446688785,-1.138276446688785,0
2025-09-20,10.54,9.412407126499623,1.127592873500376,0
2025-09-21,13.06,7.315670880381977,5.7443291196180235,0
2025-09-22,5.48,9.592207743116104,-4.1122077431161035,0
2025-09-23,7.85,8.387690876454306,-0.537690876454306,0
2025-09-24,3.87,7.713728753267493,-3.8437287532674933,0
2025-09-25,7.41,13.186398680469086,-5.776398680469086,0
2025-09-26,10.57,11.70461929348672,-1.13461929348672,0
2025-09-27,5.5,8.007845594886417,-2.507845594886417,0
2025-09-28,5.91,8.920909031995308,-3.0109090319953076,0
2025-09-29,9.87,5.982298053758185,3.8877019462418145,0
2025-09-30,5.83,7.650440975336737,-1.8204409753367372,0
2025-10-01,8.51,6.84749510024287,1.6625048997571295,0
2025-10-02,6.63,6.564566381028283,0.06543361897171707,0
2025-10-03,7.29,9.5984481656247,-2.308448165624699,0
2025-10-04,7.71,7.36642794259953,0.34357205740047014,0
2025-10-05,11.51,10.185116215424953,1.3248837845750465,0
2025-10-06,18.93,14.4372046198602,4.4927953801398,1
2025-10-07,15.62,11.186744486386486,4.433255513613513,1
2025-10-08,15.92,12.644751183719578,3.2752488162804223,1
2025-10-09,20.65,15.257752664583043,5.392247335416956,1
2025-10-10,8.73,9.63350598408818,-0.903505984088179,0
2025-10-11,10.59,10.462806802702467,0.1271931972975331,0
2025-10-12,3.95,5.839943713399011,-1.8899437133990107,0
2025-10-13,6.61,7.927773712366926,-1.3177737123669253,0
2025-10-14,7.78,7.236325547929988,0.5436744520700119,0
2025-10-15,2.87,4.961778058649451,-2.091778058649451,0
2025-10-16,3.94,4.592097674938992,-0.6520976749389917,0
2025-10-17,4.01,6.372374159932945,-2.362374159932945,0
2025-10-18,7.62,8.769435039525359,-1.1494350395253585,0
2025-10-19,19.62,14.412072378864895,5.207927621135106,1
2025-10-20,20.27,10.222382859503426,10.047617140496573,1
2025-10-21,11.5,7.312608459252622,4.187391540747378,0
2025-10-22,9.17,6.050779178850767,3.1192208211492325,0
2025-10-23,5.13,8.181547921350349,-3.051547921350349,0
2025-10-24,11.31,9.335364143260927,1.9746358567390736,0
2025-10-25,26.33,18.29383148173195,8.036168518268049,0
2025-10-26,12.5,7.742506992125121,4.757493007874879,0
2025-10-27,5.97,7.664208349139506,-1.6942083491395064,0
2025-10-28,8.03,8.998983317061564,-0.9689833170615643,0
2025-10-29,23.61,18.234382079967524,5.375617920032475,1
2025-10-30,17.6,17.731943670106574,-0.1319436701065726,1
2025-10-31,6.98,7.905582741664101,-0.9255827416641003,0
2025-11-01,6.2,5.138468106571752,1.0615318934282483,0
2025-11-02,11.39,8.447198096378468,2.9428019036215325,0
2025-11-03,5.33,5.596825371924838,-0.26682537192483835,0
2025-11-04,3.5,4.803404301030823,-1.303404301030823,0
2025-11-05,6.55,5.9725114616712425,0.5774885383287574,0
2025-11-06,6.38,3.7695274434755692,2.6104725565244307,0
2025-11-07,3.67,5.051924458663019,-1.3819244586630193,0
2025-11-08,3.69,5.476848601224917,-1.7868486012249174,0
2025-11-09,6.57,6.155366852112067,0.41463314788793326,0
2025-11-10,2.22,3.1615181106309116,-0.9415181106309114,0
2025-11-11,6.14,4.216365173041302,1.9236348269586978,0
2025-11-12,3.62,4.436247365335013,-0.8162473653350126,0
2025-11-13,4.85,7.075655312907017,-2.2256553129070173,0
2025-11-14,15.72,11.286641812997873,4.433358187002128,1
2025-11-15,9.76,12.01963629662566,-2.2596362966256596,0
2025-11-16,7.83,11.093600377878197,-3.2636003778781966,0
2025-11-17,10.18,9.644287954925788,0.5357120450742112,1
2025-11-18,24.29,19.032262575040605,5.2577374249593944,1
2025-11-19,16.48,13.518903604359801,2.961096395640199,1
2025-11-20,6.88,9.480892876803226,-2.6008928768032265,0
2025-11-21,6.8,5.967261561289268,0.8327384387107317,0
2025-11-22,5.79,7.620501012324153,-1.8305010123241532,0
2025-11-23,10.56,7.928608998485489,2.631391001514512,0
2025-11-24,7.38,6.608848326355588,0.771151673644412,0
2025-11-25,10.32,8.394685096542755,1.9253149034572452,0
2025-11-26,5.68,10.161462524314862,-4.481462524314862,0
2025-11-27,5.81,7.922967412602002,-2.1129674126020026,0
2025-11-28,4.15,9.70042564544942,-5.550425645449419,0
2025-11-29,6.75,10.95264135715011,-4.20264135715011,0
2025-11-30,12.52,10.541851359609884,1.9781486403901152,0
2025-12-01,17.62,18.69625780588344,-1.07625780588344,0
2025-12-02,15.32,15.225720762446429,0.0942792375535717,1
2025-12-03,11.72,9.973439035328703,1.746560964671298,0
2025-12-04,8.52,6.9807587960583355,1.539241203941664,0
2025-12-05,7.4,6.803864935882066,0.5961350641179344,0
2025-12-06,15.17,8.685247356513528,6.4847526434864715,0
2025-12-07,7.84,9.084358834786318,-1.2443588347863184,0
2025-12-08,9.64,8.636915173932055,1.003084826067946,0
2025-12-09,4.19,3.551666283330065,0.6383337166699352,0
2025-12-10,9.33,8.25657706092352,1.0734229390764796,1
2025-12-11,12.62,8.850422374604337,3.7695776253956623,1
2025-12-12,7.61,10.040235896113968,-2.4302358961139676,0
2025-12-13,4.35,2.9462575160676145,1.403742483932385,0
2025-12-14,3.11,8.441696861056059,-5.331696861056059,0
2025-12-15,2.57,5.129252540079116,-2.559252540079116,0
2025-12-16,3.45,4.143396896353695,-0.6933968963536952,0
2025-12-17,4.37,5.31048042990611,-0.9404804299061098,0
2025-12-18,8.95,7.9416339499876925,1.0083660500123068,0
2025-12-19,11.2,6.943824388284783,4.256175611715216,0
2025-12-20,5.74,4.460540091980877,1.2794599080191231,0
2025-12-21,7.88,8.095059138132026,-0.21505913813202593,0
2025-12-22,4.71,7.715972059539779,-3.005972059539779,0
2025-12-23,4.25,6.8177408764183545,-2.5677408764183545,0
2025-12-24,7.7,6.8380246500393405,0.8619753499606597,0
2025-12-25,3.95,3.107414260054804,0.8425857399451964,0
2025-12-26,5.07,6.15695356409581,-1.0869535640958095,0
2025-12-27,16.48,18.21173788408357,-1.731737884083568,0
2025-12-28,13.57,15.618090685501368,-2.048090685501368,1
2025-12-29,11.38,11.263275679754976,0.11672432024502477,1
2025-12-30,12.58,8.055438405440013,4.524561594559987,0
2025-12-31,5.6,8.796267254926256,-3.1962672549262567,0
2026-01-01,3.44,6.063059948033244,-2.623059948033244,0
2026-01-02,7.27,9.685681624134517,-2.4156816241345176,0
2026-01-03,14.04,9.854961595528207,4.185038404471792,0
2026-01-04,8.87,5.850846110428108,3.019153889571891,0
2026-01-05,2.53,5.108012772640865,-2.578012772640865,0
2026-01-06,5.59,4.989765589773294,0.6002344102267054,0
2026-01-07,2.31,5.262300542037734,-2.9523005420377335,0
2026-01-08,11.1,7.682868066299036,3.417131933700964,0
2026-01-09,12.15,12.394942807076777,-0.24494280707677696,0
2026-01-10,11.64,14.213907598138789,-2.5739075981387884,0
2026-01-11,15.92,11.775022631117473,4.144977368882527,0
2026-01-12,3.3,3.427463330250262,-0.12746333025026235,0
2026-01-13,5.72,6.851800516553606,-1.1318005165536063,0
2026-01-14,3.62,4.927791824026773,-1.307791824026773,0
2026-01-15,2.69,4.432946941224416,-1.742946941224416,0
2026-01-16,3.72,4.3847454573608475,-0.6647454573608473,0
2026-01-17,3.93,7.650667892837497,-3.7206678928374965,0
2026-01-18,15.83,24.74394016399302,-8.91394016399302,0
2026-01-19,17.88,16.778633629939428,1.1013663700605711,0
2026-01-20,21.2,10.278281069836346,10.921718930163653,0
2026-01-21,27.72,17.205882442697874,10.514117557302125,0
2026-01-22,16.24,10.665942634342814,5.574057365657184,0
2026-01-23,9.96,13.388743373630305,-3.4287433736303043,0
2026-01-24,22.57,22.650206783051495,-0.08020678305149431,0
2026-01-25,17.56,15.531756245644615,2.0282437543553833,0
2026-01-26,16.57,14.918835590754158,1.6511644092458422,0
2026-01-27,9.31,11.88981524515374,-2.579815245153739,0
2026-01-28,10.01,10.633925973457997,-0.6239259734579967,0
2026-01-29,15.33,16.633934011866174,-1.3039340118661737,0
2026-01-30,21.9,21.300791097287465,0.5992089027125331,0
2026-01-31,21.6,23.465879795412448,-1.8658797954124466,0
2026-02-01,25.46,18.239175695717883,7.220824304282118,0
2026-02-02,24.58,13.679140934892924,10.900859065107074,0
2026-02-03,11.96,8.554975750804326,3.405024249195675,0
2026-02-04,6.48,13.979440282292556,-7.499440282292555,0
2026-02-05,7.22,11.51654366216245,-4.29654366216245,0
2026-02-06,4.22,7.479619915086373,-3.2596199150863736,0
2026-02-07,6.61,5.16585477871964,1.44414522128036,0
2026-02-08,6.61,12.711033842837159,-6.101033842837158,0
2026-02-09,9.5,10.67192537447982,-1.1719253744798195,0
2026-02-10,4.79,5.63897078749015,-0.84897078749015,0
2026-02-11,2.54,3.914727773963314,-1.374727773963314,0
2026-02-12,12.48,11.466038476355973,1.0139615236440278,0
2026-02-13,11.25,15.367610302760973,-4.117610302760973,0
2026-02-14,18.89,24.022771307792333,-5.132771307792332,0
2026-02-15,15.82,16.501640639490944,-0.6816406394909436,0
2026-02-16,13.54,13.65506717804671,-0.1150671780467114,0
2026-02-17,17.24,9.602539044473179,7.637460955526819,0
2026-02-18,6.4,7.0029275248506355,-0.6029275248506352,0
2026-02-19,1.75,9.457426984401275,-7.707426984401275,0
2026-02-20,6.23,9.489218192198651,-3.2592181921986505,0
2026-02-21,4.23,9.264988243980241,-5.034988243980241,0
2026-02-22,3.01,5.41309498468147,-2.40309498468147,0
2026-02-23,5.03,4.551759411964554,0.47824058803544656,0
2026-02-24,16.04,21.48667987561933,-5.446679875619331,0
2026-02-25,12.26,9.392525626906183,2.867474373093817,0
2026-02-26,9.87,6.846764446516451,3.0232355534835484,0
2026-02-27,11.14,11.0482494321708,0.09175056782919988,0
2026-02-28,20.56,32.47386535348141,-11.913865353481409,0
2026-03-01,20.27,18.393589312061707,1.876410687938293,0
2026-03-02,16.22,14.336962504535915,1.8830374954640838,0
2026-03-03,11.1,5.75267085279233,5.347329147207669,0
2026-03-04,16.77,16.607806019346164,0.16219398065383572,0
2026-03-05,6.53,8.500592863367746,-1.970592863367746,0
2026-03-06,4.62,8.111774488863214,-3.4917744888632134,0
2026-03-07,3.62,8.098969218580562,-4.478969218580562,0
2026-03-08,3.73,5.631106921346591,-1.901106921346591,0
2026-03-09,4.63,6.526676183599496,-1.8966761835994959,0
2026-03-10,6.77,7.985007360024704,-1.2150073600247042,0
2026-03-11,9.91,11.901284385459045,-1.9912843854590445,0
2026-03-12,18.58,7.829337197491704,10.750662802508295,0
2026-03-13,14.4,7.720495935207887,6.679504064792114,0
2026-03-14,20.0,8.588615713755916,11.411384286244084,0
2026-03-15,6.86,10.47692486688989,-3.6169248668898897,0
2026-03-16,5.08,12.40201606662097,-7.32201606662097,0
2026-03-17,8.85,10.850739282945005,-2.0007392829450055,0
2026-03-18,5.87,13.716724129035708,-7.8467241290357075,0
2026-03-19,5.35,12.12336204459017,-6.77336204459017,0
2026-03-20,10.62,13.928725952637151,-3.308725952637152,0
2026-03-21,25.08,27.010084014386166,-1.9300840143861677,0
2026-03-22,31.17,15.53241716155986,15.637582838440142,0
2026-03-23,18.33,14.818428775031027,3.5115712249689714,0
2026-03-24,11.39,12.621879949366477,-1.2318799493664763,0
2026-03-25,18.05,19.429670875230684,-1.3796708752306834,0
2026-03-26,13.1,10.200255134031384,2.899744865968616,0
2026-03-27,7.84,10.77727128625526,-2.9372712862552603,0
2026-03-28,18.63,9.123827093998496,9.506172906001503,0
2026-03-29,9.02,10.096189515629888,-1.0761895156298884,0
2026-03-30,4.86,6.21658165636541,-1.3565816563654094,0
2026-03-31,5.43,11.010596086638424,-5.580596086638424,0
2026-04-01,8.88,10.037327704760637,-1.157327704760636,0
2026-04-02,8.38,8.686556480761338,-0.306556480761337,0
2026-04-03,6.78,7.014042111293669,-0.23404211129366903,0
2026-04-04,3.6,7.805386130081693,-4.205386130081694,0
2026-04-05,11.67,9.922621781210047,1.7473782187899527,0
2026-04-06,17.88,13.426887274637195,4.453112725362804,0
2026-04-07,11.04,9.48077724272252,1.55922275727748,0
2026-04-08,14.02,11.522036799160123,2.4979632008398767,0
2026-04-09,10.21,12.81976236809768,-2.6097623680976785,0
2026-04-10,8.99,11.639899319525908,-2.6498993195259075,0
2026-04-11,12.75,11.827469316628434,0.9225306833715656,0
2026-04-12,11.1,14.547471375765916,-3.4474713757659163,0
2026-04-13,7.57,11.13797701374779,-3.5679770137477895,0
2026-04-14,5.51,12.201582260895513,-6.691582260895514,0
2026-04-15,10.72,12.110781617528971,-1.3907816175289707,0
2026-04-16,10.02,6.3094366687414105,3.710563331258589,0
2026-04-17,7.4,9.59337032760442,-2.19337032760442,0
2026-04-18,13.03,15.974966826787472,-2.944966826787473,0
2026-04-19,26.37,8.867466867286215,17.502533132713786,0
2026-04-20,15.6,13.161722775187197,2.4382772248128024,0
2026-04-21,5.17,10.935005608945017,-5.7650056089450175,0
2026-04-22,14.09,9.348774030316424,4.741225969683576,0
2026-04-23,12.79,10.161811015479728,2.6281889845202713,0
2026-04-24,9.77,11.532279486897298,-1.7622794868972989,0
2026-04-25,7.96,7.906681956125728,0.05331804387427219,0
2026-04-26,5.51,7.96463449044696,-2.45463449044696,0
2026-04-27,10.03,9.274655226925836,0.7553447730741638,0
2026-04-28,7.5,4.332057829564123,3.167942170435877,0
2026-04-29,2.99,5.386473342308283,-2.3964733423082825,0
2026-04-30,2.47,5.301618460014357,-2.8316184600143566,0
2026-05-01,2.62,4.321077996623732,-1.7010779966237317,0
2026-05-02,4.54,5.415167619700949,-0.8751676197009486,0
2026-05-03,2.57,5.192346222057236,-2.6223462220572364,0
2026-05-04,6.27,5.152828522512203,1.1171714774877968,0
2026-05-05,4.3,5.179752283476329,-0.8797522834763294,0
2026-05-06,6.31,4.61962469853764,1.6903753014623595,0
2026-05-07,5.73,5.970156803314498,-0.2401568033144974,0
2026-05-08,11.65,10.64838341634288,1.0016165836571211,0
2026-05-09,7.0,7.951122518031237,-0.9511225180312373,0
2026-05-10,7.4,7.989222187050263,-0.5892221870502627,0
2026-05-11,6.02,6.203659913196489,-0.18365991319648955,0
2026-05-12,5.33,7.034852771534646,-1.7048527715346458,0
2026-05-13,8.15,7.865895223870217,0.2841047761297837,0
2026-05-14,9.72,5.731278875192187,3.988721124807814,0
2026-05-15,1.39,3.6365172712585982,-2.2465172712585986,0
2026-05-16,1.97,2.687707574985877,-0.7177075749858772,0
2026-05-17,4.85,6.173951447713159,-1.323951447713159,0
2026-05-18,1.31,3.3942312220142874,-2.0842312220142873,0
2026-05-19,2.25,2.0631408009283483,0.18685919907165172,0
2026-05-20,2.31,5.177053376269276,-2.867053376269276,0
2026-05-21,4.59,8.480601242545637,-3.890601242545637,0
2026-05-22,8.48,6.4477466346982055,2.032253365301795,0
2026-05-23,3.95,6.8804717053177065,-2.9304717053177063,0
2026-05-24,7.51,8.799242183964646,-1.289242183964646,0
2026-05-25,11.28,9.184165713381773,2.095834286618226,0
2026-05-26,12.32,9.488499384290163,2.831500615709837,0
2026-05-27,8.74,9.742869106074657,-1.002869106074657,0
2026-05-28,9.65,8.608244793988787,1.0417552060112136,0
2026-05-29,11.86,7.226086308315906,4.633913691684094,0
2026-05-30,6.69,7.113058591497167,-0.42305859149716696,0
2026-05-31,5.5,7.82605492340177,-2.3260549234017702,0
2026-06-01,7.3,8.641603676879004,-1.3416036768790045,0
2026-06-02,8.1,8.313696026904509,-0.2136960269045094,0
2026-06-03,6.9,9.817275491392138,-2.9172754913921377,0
2026-06-04,14.42,13.382473923661003,1.037526076338997,0
2026-06-05,17.32,9.779570560150058,7.540429439849943,0
2026-06-06,12.75,13.07323207395639,-0.3232320739563903,0
2026-06-07,9.35,10.297666280610954,-0.9476662806109548,0
2026-06-08,11.58,9.663480725551999,1.9165192744480013,0
2026-06-09,10.36,11.574413976881214,-1.2144139768812146,0
2026-06-10,15.54,10.292285767415931,5.247714232584068,0
2026-06-11,12.6,11.09233316174587,1.5076668382541296,0
2026-06-12,12.16,12.217599245638649,-0.05759924563864871,0
2026-06-13,7.88,9.861812579590715,-1.9818125795907156,0
2026-06-14,9.93,9.754056510454166,0.1759434895458334,0
2026-06-15,7.5,11.14855545548971,-3.64855545548971,0
2026-06-16,5.29,8.952194568349137,-3.662194568349137,0
2026-06-17,6.94,9.935528060700412,-2.995528060700411,0
2026-06-18,10.37,7.52238809537649,2.847611904623509,0
2026-06-19,8.5,6.3208318662994545,2.1791681337005455,0
2026-06-20,4.61,6.4362002356469326,-1.8262002356469322,0
2026-06-21,4.09,6.838263528070039,-2.748263528070039,0
2026-06-22,9.92,7.515980415620428,2.404019584379572,0
2026-06-23,12.58,6.991723273354664,5.588276726645336,0
2026-06-24,7.45,9.948486840669677,-2.4984868406696767,0
2026-06-25,8.45,8.843914545486998,-0.39391454548699834,0
2026-06-26,7.81,11.002857801036352,-3.192857801036353,0
2026-06-27,6.73,7.8585492038124745,-1.128549203812474,0
2026-06-28,7.55,8.55308198890937,-1.0030819889093694,0
2026-06-29,7.42,8.911897186101047,-1.4918971861010473,0
2026-06-30,6.92,11.78940422687452,-4.86940422687452,0
2026-07-01,8.82,8.066853250634942,0.7531467493650581,0
2026-07-02,7.26,7.7902775648012295,-0.5302775648012297,0
2026-07-03,7.34,8.705970273804263,-1.3659702738042636,0
2026-07-04,8.3,7.296214135407748,1.0037858645922526,0
2026-07-05,10.95,12.15139855341714,-1.2013985534171407,0
2026-07-06,10.95,10.66475017058131,0.2852498294186887,0
2026-07-07,6.89,9.331204393027043,-2.4412043930270437,0
2026-07-08,8.95,10.127023267006468,-1.1770232670064686,0
2026-07-09,9.07,8.426914659091667,0.6430853409083337,0
2026-07-10,7.86,5.909951346144929,1.9500486538550712,0
2026-07-11,5.66,7.616981552986213,-1.9569815529862131,0
2026-07-12,9.3,7.513122420048285,1.7868775799517156,0
2026-07-13,14.45,7.78101019151115,6.668989808488849,0
2026-07-14,9.81,8.335482369546593,1.4745176304534073,0
2026-07-15,7.71,8.478736894349595,-0.7687368943495949,0
2026-07-16,13.03,7.732626591679021,5.297373408320978,0
2026-07-17,4.03,8.280826248783095,-4.250826248783095,0
2026-07-18,6.17,8.834693600876092,-2.6646936008760918,0
2026-07-19,8.1,7.444786948025627,0.6552130519743731,0
2026-07-20,3.25,8.180769547313993,-4.930769547313993,0
2026-07-21,9.38,9.136685071542315,0.24331492845768565,0
2026-07-22,6.96,9.458214909790216,-2.4982149097902164,0
2026-07-23,14.67,8.957247978361108,5.712752021638892,0
2026-07-24,11.65,10.918795658208888,0.7312043417911127,0
2026-07-25,8.66,9.032913936981078,-0.3729139369810781,0
2026-07-26,5.44,9.22804745490617,-3.7880474549061693,0
2026-07-27,9.64,8.575693579776166,1.0643064202238346,0
2026-07-28,9.73,9.081227439534311,0.6487725604656891,0
2026-07-29,10.53,8.725881146948968,1.8041188530510315,0
2026-07-30,11.87,8.74291260202586,3.1270873979741385,0
2026-07-31,13.36,9.367001416693244,3.992998583306756,0
2026-08-01,12.64,8.024613542543936,4.615386457456065,0
2026-08-02,8.6,8.748082959537625,-0.14808295953762496,0
2026-08-03,9.09,7.554108667408338,1.535891332591662,0
2026-08-04,9.05,10.559698421950223,-1.5096984219502225,0
2026-08-05,7.4,8.569218790783193,-1.1692187907831926,0
2026-08-06,9.69,8.382696183757622,1.3073038162423778,0
2026-08-07,13.38,7.959652543638072,5.420347456361929,0
2026-08-08,6.72,6.442137205995829,0.2778627940041707,0
2026-08-09,3.96,5.489176068679854,-1.5291760686798543,0
2026-08-10,3.93,4.234708916965552,-0.3047089169655517,0
2026-08-11,6.09,6.19711084958084,-0.10711084958083994,0
2026-08-12,4.18,6.317056513326478,-2.1370565133264785,0
2026-08-13,5.21,5.384893394918121,-0.17489339491812128,0
2026-08-14,3.73,5.490386395116772,-1.7603863951167722,0
2026-08-15,4.93,5.678398057579065,-0.748398057579065,0
2026-08-16,13.05,6.22009698681511,6.82990301318489,0
2026-08-17,5.33,6.340879301053082,-1.010879301053082,0
2026-08-18,6.74,6.129327085907241,0.6106729140927589,0
2026-08-19,7.04,9.826303867688871,-2.786303867688871,0
2026-08-20,8.48,7.7165441173133456,0.7634558826866549,0
2026-08-21,8.16,8.138419704487289,0.021580295512711345,0
2026-08-22,11.59,9.44711601852913,2.1428839814708702,0
2026-08-23,5.15,7.590045440471195,-2.440045440471194,0
2026-08-24,7.38,8.84277370546757,-1.46277370546757,0
2026-08-25,7.65,8.323669048349435,-0.673669048349435,0
2026-08-26,11.45,9.769087125340631,1.6809128746593682,0
2026-08-27,9.22,8.462289890099507,0.7577101099004935,0
2026-08-28,5.51,8.27168760660674,-2.76168760660674,0
2026-08-29,5.0,6.899337005128606,-1.899337005128606,0
2026-08-30,6.88,6.966659344228851,-0.0866593442288508,0
2026-08-31,6.14,6.214841160249769,-0.07484116024976917,0
2026-09-01,5.69,5.859546096152672,-0.16954609615267202,0
2026-09-02,4.97,11.311848998061972,-6.341848998061972,0
2026-09-03,5.24,4.829389673503076,0.41061032649692386,0
2026-09-04,3.61,6.28979556661554,-2.67979556661554,0
2026-09-05,5.38,7.0085720235201325,-1.6285720235201326,0
2026-09-06,8.88,7.363655078243658,1.5163449217563425,0
2026-09-07,7.05,5.42752600896638,1.6224739910336199,0
2026-09-08,2.69,3.975386272761253,-1.285386272761253,0
2026-09-09,3.82,5.526505174567927,-1.7065051745679267,0
2026-09-10,3.84,5.1523606996274385,-1.3123606996274386,0
2026-09-11,6.85,4.256627714449069,2.593372285550931,0
2026-09-12,7.11,7.66458911667576,-0.5545891166757597,0
2026-09-13,5.99,6.786483529524562,-0.7964835295245614,0
2026-09-14,3.24,5.558259800409163,-2.3182598004091624,0
